Time;FailureMean;FailureMean+Sqrt(Var);AnalyticalMean;AnalyticalMean+sqrt(Var);;Parameters:;
0;0,05;0,27;0;#ИМЯ?;;Lambda_f;0.001154
;1,8;3,12;0,95;4,11;;Beta_f;0.78
;2,96;4,64;1,81;4,97;;Initial N;10000
;3,83;5,77;2,59;5,75;;Delta t;0.001
;4,56;6,71;3,3;6,46;;T (time steps);150
;5,15;7,43;3,93;7,09;;Number of experiments;10000
;5,68;8,08;4,51;7,67;;Nu;1
;6,08;8,57;5,03;8,19;;;
;6,43;8,94;5,5;8,66;;;
;6,7;9,23;5,93;9,09;;;
;6,92;9,54;6,32;9,48;;;
;7,11;9,81;6,67;9,83;;;
;7,31;10,04;6,98;10,14;;;
;7,4;10,09;7,27;10,43;;;
;7,53;10,28;7,53;10,69;;;
;7,66;10,44;7,76;10,92;;;
;7,67;10,48;7,98;11,14;;;
;7,69;10,49;8,17;11,33;;;
0,5;7,73;10,55;8,34;11,5;;;
;7,72;10,5;8,5;11,66;;;
;7,77;10,54;8,64;11,8;;;
;7,74;10,46;8,77;11,93;;;
;7,73;10,45;8,89;12,04;;;
;7,69;10,38;8,99;12,15;;;
;7,73;10,42;9,09;12,25;;;
;7,73;10,44;9,17;12,33;;;
;7,7;10,42;9,25;12,41;;;
;7,73;10,51;9,32;12,48;;;
;7,76;10,53;9,38;12,54;;;
;7,73;10,53;9,44;12,6;;;
;7,67;10,45;9,49;12,65;;;
;7,62;10,44;9,54;12,7;;;
;7,58;10,4;9,58;12,74;;;
;7,6;10,42;9,62;12,78;;;
;7,5;10,25;9,66;12,82;;;
;7,45;10,14;9,69;12,85;;;
1;7,34;10,02;9,72;12,88;;;
;7,28;9,93;9,74;12,9;;;
;7,24;9,89;9,77;12,93;;;
;7,18;9,85;9,79;12,95;;;
;7,17;9,87;9,81;12,97;;;
;7,05;9,74;9,83;12,98;;;
;7,01;9,67;9,84;13;;;
;6,94;9,58;9,86;13,01;;;
;6,9;9,51;9,87;13,03;;;
;6,84;9,49;9,88;13,04;;;
;6,81;9,4;9,89;13,05;;;
;6,78;9,37;9,9;13,06;;;
;6,74;9,28;9,91;13,07;;;
;6,65;9,18;9,92;13,08;;;
;6,61;9,08;9,92;13,08;;;
;6,56;9,02;9,93;13,09;;;
;6,51;8,97;9,94;13,09;;;
;6,46;8,9;9,94;13,1;;;
1,5;6,48;8,94;9,95;13,1;;;
;6,46;8,91;9,95;13,11;;;
;6,39;8,84;9,95;13,11;;;
;6,38;8,79;9,96;13,12;;;
;6,34;8,76;9,96;13,12;;;
;6,34;8,78;9,96;13,12;;;
;6,34;8,81;9,97;13,12;;;
;6,37;8,84;9,97;13,13;;;
;6,31;8,8;9,97;13,13;;;
;6,3;8,8;9,97;13,13;;;
;6,28;8,75;9,97;13,13;;;
;6,25;8,72;9,98;13,13;;;
;6,22;8,68;9,98;13,14;;;
;6,14;8,55;9,98;13,14;;;
;6,16;8,58;9,98;13,14;;;
;6,18;8,61;9,98;13,14;;;
;6,13;8,53;9,98;13,14;;;
;6,04;8,41;9,98;13,14;;;
2;6,04;8,47;9,98;13,14;;;
;6,03;8,47;9,98;13,14;;;
;6,02;8,5;9,98;13,14;;;
;5,99;8,46;9,98;13,14;;;
;5,97;8,42;9,99;13,14;;;
;5,96;8,44;9,99;13,14;;;
;5,92;8,39;9,99;13,15;;;
;5,88;8,33;9,99;13,15;;;
;5,88;8,32;9,99;13,15;;;
;5,81;8,25;9,99;13,15;;;
;5,8;8,26;9,99;13,15;;;
;5,77;8,22;9,99;13,15;;;
;5,74;8,18;9,99;13,15;;;
;5,71;8,09;9,99;13,15;;;
;5,7;8,08;9,99;13,15;;;
;5,7;8,08;9,99;13,15;;;
;5,67;8;9,99;13,15;;;
;5,69;8;9,99;13,15;;;
2,5;5,69;7,99;9,99;13,15;;;
;5,69;7,95;9,99;13,15;;;
;5,65;7,94;9,99;13,15;;;
;5,61;7,86;9,99;13,15;;;
;5,58;7,86;9,99;13,15;;;
;5,53;7,85;9,99;13,15;;;
;5,55;7,86;9,99;13,15;;;
;5,59;7,9;9,99;13,15;;;
;5,57;7,91;9,99;13,15;;;
;5,58;7,93;9,99;13,15;;;
;5,52;7,87;9,99;13,15;;;
;5,56;7,92;9,99;13,15;;;
;5,56;7,92;9,99;13,15;;;
;5,55;7,94;9,99;13,15;;;
;5,58;7,96;9,99;13,15;;;
;5,61;8,04;9,99;13,15;;;
;5,58;8;9,99;13,15;;;
;5,58;7,98;9,99;13,15;;;
3;5,59;8,04;9,99;13,15;;;
;5,55;7,96;9,99;13,15;;;
;5,54;7,91;9,99;13,15;;;
;5,48;7,87;9,99;13,15;;;
;5,42;7,78;9,99;13,15;;;
;5,44;7,82;9,99;13,15;;;
;5,42;7,79;9,99;13,15;;;
;5,42;7,81;9,99;13,15;;;
;5,41;7,79;9,99;13,15;;;
;5,36;7,72;9,99;13,15;;;
;5,35;7,69;9,99;13,15;;;
;5,34;7,7;9,99;13,15;;;
;5,3;7,64;9,99;13,15;;;
;5,27;7,57;9,99;13,15;;;
;5,33;7,58;9,99;13,15;;;
;5,31;7,57;9,99;13,15;;;
;5,27;7,52;9,99;13,15;;;
;5,23;7,46;9,99;13,15;;;
3,5;5,22;7,47;9,99;13,15;;;
;5,2;7,44;9,99;13,15;;;
;5,21;7,43;9,99;13,15;;;
;5,2;7,43;9,99;13,15;;;
;5,23;7,45;9,99;13,15;;;
;5,22;7,44;9,99;13,15;;;
;5,22;7,5;9,99;13,15;;;
;5,21;7,51;9,99;13,15;;;
;5,21;7,53;9,99;13,15;;;
;5,16;7,44;9,99;13,15;;;
;5,09;7,31;9,99;13,15;;;
;5,1;7,37;9,99;13,15;;;
;5,08;7,32;9,99;13,15;;;
;5,02;7,23;9,99;13,15;;;
;4,99;7,18;9,99;13,15;;;
;5,02;7,21;9,99;13,15;;;
;5;7,19;9,99;13,15;;;
;5,01;7,26;9,99;13,15;;;
4;5;7,27;9,99;13,15;;;
;5,02;7,26;9,99;13,15;;;
;5,07;7,34;9,99;13,15;;;
;5,06;7,34;9,99;13,15;;;
;5,05;7,33;9,99;13,15;;;
;5,01;7,27;9,99;13,15;;;
;5;7,25;9,99;13,15;;;
;5,02;7,26;9,99;13,15;;;
;4,96;7,17;9,99;13,15;;;
;4,93;7,14;9,99;13,15;;;
;4,94;7,16;9,99;13,15;;;
;4,94;7,17;9,99;13,15;;;
;4,94;7,14;9,99;13,15;;;
;4,9;7,09;9,99;13,15;;;
;4,93;7,12;9,99;13,15;;;
;4,97;7,15;9,99;13,15;;;
;4,9;7,08;9,99;13,15;;;
;4,87;7,02;9,99;13,15;;;
4,5;4,89;7,09;9,99;13,15;;;
;4,91;7,11;9,99;13,15;;;
;4,86;7,05;9,99;13,15;;;
;4,87;7,05;9,99;13,15;;;
;4,86;7,08;9,99;13,15;;;
;4,88;7,09;9,99;13,15;;;
;4,91;7,11;9,99;13,15;;;
;4,84;7,01;9,99;13,15;;;
;4,87;7,08;9,99;13,15;;;
;4,87;7,11;9,99;13,15;;;
;4,89;7,12;9,99;13,15;;;
;4,84;7,03;9,99;13,15;;;
;4,81;6,99;9,99;13,15;;;
;4,8;6,97;9,99;13,15;;;
;4,81;7;9,99;13,15;;;
;4,83;7,02;9,99;13,15;;;
;4,84;7,02;9,99;13,15;;;
;4,86;7,02;9,99;13,15;;;
5;4,83;7;9,99;13,15;;;
;4,85;7,03;9,99;13,15;;;
;4,8;6,97;9,99;13,15;;;
;4,79;6,94;9,99;13,15;;;
;4,83;6,93;9,99;13,15;;;
;4,85;7,01;9,99;13,15;;;
;4,81;6,98;9,99;13,15;;;
;4,85;7,01;9,99;13,15;;;
;4,82;6,99;9,99;13,15;;;
;4,78;6,95;9,99;13,15;;;
;4,76;6,91;9,99;13,15;;;
;4,76;6,9;9,99;13,15;;;
;4,71;6,85;9,99;13,15;;;
;4,73;6,8;9,99;13,15;;;
;4,73;6,82;9,99;13,15;;;
;4,74;6,89;9,99;13,15;;;
;4,74;6,89;9,99;13,15;;;
;4,72;6,87;9,99;13,15;;;
5,5;4,74;6,88;9,99;13,15;;;
;4,79;6,99;9,99;13,15;;;
;4,77;6,95;9,99;13,15;;;
;4,75;6,97;9,99;13,15;;;
;4,73;6,93;9,99;13,15;;;
;4,68;6,88;9,99;13,15;;;
;4,61;6,74;9,99;13,15;;;
;4,61;6,76;9,99;13,15;;;
;4,64;6,77;9,99;13,15;;;
;4,62;6,74;9,99;13,15;;;
;4,62;6,79;9,99;13,15;;;
;4,64;6,81;9,99;13,15;;;
;4,59;6,71;9,99;13,15;;;
;4,6;6,73;9,99;13,15;;;
;4,64;6,81;9,99;13,15;;;
;4,67;6,83;9,99;13,15;;;
;4,65;6,8;9,99;13,15;;;
;4,6;6,75;9,99;13,15;;;
6;4,56;6,68;9,99;13,15;;;
;4,56;6,7;9,99;13,15;;;
;4,56;6,76;9,99;13,15;;;
;4,56;6,76;9,99;13,15;;;
;4,55;6,73;9,99;13,15;;;
;4,53;6,69;9,99;13,15;;;
;4,56;6,73;9,99;13,15;;;
;4,54;6,7;9,99;13,15;;;
;4,54;6,64;9,99;13,15;;;
;4,54;6,64;9,99;13,15;;;
;4,47;6,55;9,99;13,15;;;
;4,44;6,53;9,99;13,15;;;
;4,44;6,53;9,99;13,15;;;
;4,46;6,53;9,99;13,15;;;
;4,47;6,52;9,99;13,15;;;
;4,51;6,63;9,99;13,15;;;
;4,52;6,67;9,99;13,15;;;
;4,5;6,62;9,99;13,15;;;
6,5;4,5;6,64;9,99;13,15;;;
;4,48;6,6;9,99;13,15;;;
;4,52;6,66;9,99;13,15;;;
;4,54;6,76;9,99;13,15;;;
;4,53;6,74;9,99;13,15;;;
;4,52;6,72;9,99;13,15;;;
;4,53;6,68;9,99;13,15;;;
;4,51;6,62;9,99;13,15;;;
;4,51;6,63;9,99;13,15;;;
;4,45;6,55;9,99;13,15;;;
;4,43;6,52;9,99;13,15;;;
;4,5;6,57;9,99;13,15;;;
;4,52;6,59;9,99;13,15;;;
;4,52;6,64;9,99;13,15;;;
;4,52;6,64;9,99;13,15;;;
;4,52;6,62;9,99;13,15;;;
;4,54;6,62;9,99;13,15;;;
;4,49;6,52;9,99;13,15;;;
7;4,49;6,55;9,99;13,15;;;
;4,48;6,53;9,99;13,15;;;
;4,48;6,51;9,99;13,15;;;
;4,43;6,49;9,99;13,15;;;
;4,46;6,55;9,99;13,15;;;
;4,48;6,6;9,99;13,15;;;
;4,49;6,59;9,99;13,15;;;
;4,5;6,57;9,99;13,15;;;
;4,45;6,5;9,99;13,15;;;
;4,45;6,54;9,99;13,15;;;
;4,46;6,55;9,99;13,15;;;
;4,47;6,54;9,99;13,15;;;
;4,49;6,59;9,99;13,15;;;
;4,48;6,57;9,99;13,15;;;
;4,43;6,51;9,99;13,15;;;
;4,47;6,53;9,99;13,15;;;
;4,44;6,48;9,99;13,15;;;
;4,45;6,52;9,99;13,15;;;
7,5;4,45;6,51;9,99;13,15;;;
;4,43;6,46;9,99;13,15;;;
;4,4;6,4;9,99;13,15;;;
;4,41;6,43;9,99;13,15;;;
;4,43;6,48;9,99;13,15;;;
;4,42;6,45;9,99;13,15;;;
;4,45;6,5;9,99;13,15;;;
;4,45;6,5;9,99;13,15;;;
;4,43;6,49;9,99;13,15;;;
;4,41;6,44;9,99;13,15;;;
;4,42;6,47;9,99;13,15;;;
;4,42;6,49;9,99;13,15;;;
;4,39;6,45;9,99;13,15;;;
;4,4;6,45;9,99;13,15;;;
;4,41;6,48;9,99;13,15;;;
;4,41;6,47;9,99;13,15;;;
;4,41;6,48;9,99;13,15;;;
;4,35;6,43;9,99;13,15;;;
8;4,38;6,46;9,99;13,15;;;
;4,36;6,45;9,99;13,15;;;
;4,34;6,39;9,99;13,15;;;
;4,33;6,4;9,99;13,15;;;
;4,32;6,38;9,99;13,15;;;
;4,32;6,38;9,99;13,15;;;
;4,29;6,36;9,99;13,15;;;
;4,37;6,4;9,99;13,15;;;
;4,31;6,39;9,99;13,15;;;
;4,26;6,32;9,99;13,15;;;
;4,25;6,29;9,99;13,15;;;
;4,22;6,24;9,99;13,15;;;
;4,23;6,25;9,99;13,15;;;
;4,2;6,24;9,99;13,15;;;
;4,23;6,26;9,99;13,15;;;
;4,21;6,23;9,99;13,15;;;
;4,2;6,23;9,99;13,15;;;
;4,17;6,21;9,99;13,15;;;
8,5;4,16;6,25;9,99;13,15;;;
;4,18;6,28;9,99;13,15;;;
;4,17;6,24;9,99;13,15;;;
;4,17;6,18;9,99;13,15;;;
;4,15;6,16;9,99;13,15;;;
;4,16;6,15;9,99;13,15;;;
;4,19;6,21;9,99;13,15;;;
;4,18;6,17;9,99;13,15;;;
;4,2;6,21;9,99;13,15;;;
;4,23;6,24;9,99;13,15;;;
;4,19;6,17;9,99;13,15;;;
;4,22;6,21;9,99;13,15;;;
;4,24;6,28;9,99;13,15;;;
;4,23;6,33;9,99;13,15;;;
;4,26;6,37;9,99;13,15;;;
;4,28;6,39;9,99;13,15;;;
;4,3;6,39;9,99;13,15;;;
;4,24;6,31;9,99;13,15;;;
9;4,22;6,3;9,99;13,15;;;
;4,24;6,35;9,99;13,15;;;
;4,23;6,36;9,99;13,15;;;
;4,21;6,34;9,99;13,15;;;
;4,23;6,37;9,99;13,15;;;
;4,22;6,33;9,99;13,15;;;
;4,21;6,29;9,99;13,15;;;
;4,22;6,28;9,99;13,15;;;
;4,2;6,22;9,99;13,15;;;
;4,17;6,2;9,99;13,15;;;
;4,15;6,2;9,99;13,15;;;
;4,16;6,22;9,99;13,15;;;
;4,12;6,16;9,99;13,15;;;
;4,14;6,19;9,99;13,15;;;
;4,14;6,17;9,99;13,15;;;
;4,12;6,16;9,99;13,15;;;
;4,06;6,12;9,99;13,15;;;
;4,05;6,07;9,99;13,15;;;
9,5;4,09;6,14;9,99;13,15;;;
;4,07;6,13;9,99;13,15;;;
;4,05;6,08;9,99;13,15;;;
;4,02;6,05;9,99;13,15;;;
;4;5,99;9,99;13,15;;;
;4,05;6,08;9,99;13,15;;;
;4,04;6,02;9,99;13,15;;;
;4,03;6,02;9,99;13,15;;;
;4,07;6,08;9,99;13,15;;;
;4,06;6,08;9,99;13,15;;;
;4,07;6,07;9,99;13,15;;;
;4,07;6,07;9,99;13,15;;;
;4,06;6,05;9,99;13,15;;;
;4,13;6,14;9,99;13,15;;;
;4,1;6,11;9,99;13,15;;;
;4,09;6,1;9,99;13,15;;;
;4,1;6,15;9,99;13,15;;;
;4,11;6,16;9,99;13,15;;;
10;4,13;6,22;9,99;13,15;;;
;4,17;6,27;9,99;13,15;;;
;4,18;6,25;9,99;13,15;;;
;4,15;6,16;9,99;13,15;;;
;4,17;6,15;9,99;13,15;;;
;4,16;6,14;9,99;13,15;;;
;4,11;6,07;9,99;13,15;;;
;4,08;6,01;9,99;13,15;;;
;4,1;6,06;9,99;13,15;;;
;4,08;6,1;9,99;13,15;;;
;4,08;6,07;9,99;13,15;;;
;4,07;6,11;9,99;13,15;;;
;4,06;6,1;9,99;13,15;;;
;4,06;6,1;9,99;13,15;;;
;4,04;6,07;9,99;13,15;;;
;4,01;6,05;9,99;13,15;;;
;3,99;6,03;9,99;13,15;;;
;3,99;6,02;9,99;13,15;;;
;4,01;6,06;9,99;13,15;;;
;4,02;6,06;9,99;13,15;;;
;4,03;6,07;9,99;13,15;;;
;4,03;6,07;9,99;13,15;;;
;4,03;6,08;9,99;13,15;;;
;4,04;6,11;9,99;13,15;;;
;4,03;6,1;9,99;13,15;;;
;4;6,06;9,99;13,15;;;
;4;6,04;9,99;13,15;;;
;3,98;6,03;9,99;13,15;;;
;3,99;6,03;9,99;13,15;;;
;4,03;6,07;9,99;13,15;;;
;4;6,08;9,99;13,15;;;
;4,03;6,12;9,99;13,15;;;
;4,06;6,17;9,99;13,15;;;
;4,05;6,13;9,99;13,15;;;
;4,06;6,14;9,99;13,15;;;
;4,1;6,18;9,99;13,15;;;
11;4,09;6,17;9,99;13,15;;;
;4,05;6,1;9,99;13,15;;;
;4,03;6,07;9,99;13,15;;;
;4,07;6,16;9,99;13,15;;;
;4,04;6,12;9,99;13,15;;;
;3,99;6,06;9,99;13,15;;;
;3,99;6,05;9,99;13,15;;;
;4,01;6,03;9,99;13,15;;;
;4,02;5,98;9,99;13,15;;;
;4,03;6,01;9,99;13,15;;;
;4,05;6,06;9,99;13,15;;;
;4,04;6,07;9,99;13,15;;;
;4,01;5,98;9,99;13,15;;;
;3,96;5,95;9,99;13,15;;;
;3,94;5,92;9,99;13,15;;;
;3,94;5,92;9,99;13,15;;;
;3,92;5,92;9,99;13,15;;;
;3,91;5,92;9,99;13,15;;;
11,5;3,9;5,92;9,99;13,15;;;
;3,87;5,91;9,99;13,15;;;
;3,88;5,89;9,99;13,15;;;
;3,9;5,96;9,99;13,15;;;
;3,88;5,92;9,99;13,15;;;
;3,9;5,98;9,99;13,15;;;
;3,91;5,98;9,99;13,15;;;
;3,9;5,96;9,99;13,15;;;
;3,91;5,95;9,99;13,15;;;
;3,88;5,89;9,99;13,15;;;
;3,91;5,91;9,99;13,15;;;
;3,91;5,88;9,99;13,15;;;
;3,91;5,92;9,99;13,15;;;
;3,9;5,88;9,99;13,15;;;
;3,91;5,94;9,99;13,15;;;
;3,93;5,95;9,99;13,15;;;
;3,95;5,98;9,99;13,15;;;
;3,94;5,93;9,99;13,15;;;
12;3,93;5,88;9,99;13,15;;;
;3,98;5,96;9,99;13,15;;;
;3,97;5,95;9,99;13,15;;;
;3,97;5,93;9,99;13,15;;;
;3,96;5,9;9,99;13,15;;;
;3,93;5,88;9,99;13,15;;;
;3,92;5,89;9,99;13,15;;;
;3,96;5,9;9,99;13,15;;;
;3,91;5,9;9,99;13,15;;;
;3,9;5,87;9,99;13,15;;;
;3,91;5,91;9,99;13,15;;;
;3,9;5,89;9,99;13,15;;;
;3,9;5,91;9,99;13,15;;;
;3,92;5,9;9,99;13,15;;;
;3,93;5,9;9,99;13,15;;;
;3,9;5,9;9,99;13,15;;;
;3,92;5,93;9,99;13,15;;;
;3,97;5,99;9,99;13,15;;;
12,5;3,97;6;9,99;13,15;;;
;4;6,05;9,99;13,15;;;
;4,01;6,07;9,99;13,15;;;
;3,95;6,01;9,99;13,15;;;
;3,99;6,02;9,99;13,15;;;
;3,95;5,98;9,99;13,15;;;
;3,98;6,05;9,99;13,15;;;
;3,98;6,01;9,99;13,15;;;
;3,95;5,98;9,99;13,15;;;
;3,93;5,96;9,99;13,15;;;
;3,9;5,93;9,99;13,15;;;
;3,9;5,96;9,99;13,15;;;
;3,88;5,94;9,99;13,15;;;
;3,84;5,88;9,99;13,15;;;
;3,84;5,93;9,99;13,15;;;
;3,88;5,98;9,99;13,15;;;
;3,88;5,97;9,99;13,15;;;
;3,89;5,93;9,99;13,15;;;
13;3,89;5,93;9,99;13,15;;;
;3,87;5,89;9,99;13,15;;;
;3,88;5,88;9,99;13,15;;;
;3,87;5,87;9,99;13,15;;;
;3,83;5,8;9,99;13,15;;;
;3,79;5,78;9,99;13,15;;;
;3,81;5,78;9,99;13,15;;;
;3,82;5,79;9,99;13,15;;;
;3,82;5,77;9,99;13,15;;;
;3,79;5,71;9,99;13,15;;;
;3,76;5,66;9,99;13,15;;;
;3,74;5,63;9,99;13,15;;;
;3,81;5,72;9,99;13,15;;;
;3,82;5,74;9,99;13,15;;;
;3,86;5,77;9,99;13,15;;;
;3,86;5,76;9,99;13,15;;;
;3,87;5,79;9,99;13,15;;;
;3,9;5,83;9,99;13,15;;;
13,5;3,86;5,78;9,99;13,15;;;
;3,83;5,77;9,99;13,15;;;
;3,86;5,8;9,99;13,15;;;
;3,84;5,78;9,99;13,15;;;
;3,84;5,78;9,99;13,15;;;
;3,84;5,77;9,99;13,15;;;
;3,84;5,76;9,99;13,15;;;
;3,89;5,81;9,99;13,15;;;
;3,88;5,84;9,99;13,15;;;
;3,92;5,9;9,99;13,15;;;
;3,92;5,91;9,99;13,15;;;
;3,91;5,88;9,99;13,15;;;
;3,89;5,87;9,99;13,15;;;
;3,88;5,82;9,99;13,15;;;
;3,85;5,79;9,99;13,15;;;
;3,82;5,78;9,99;13,15;;;
;3,82;5,76;9,99;13,15;;;
;3,86;5,83;9,99;13,15;;;
14;3,83;5,85;9,99;13,15;;;
;3,79;5,8;9,99;13,15;;;
;3,73;5,71;9,99;13,15;;;
;3,73;5,69;9,99;13,15;;;
;3,73;5,7;9,99;13,15;;;
;3,71;5,69;9,99;13,15;;;
;3,69;5,65;9,99;13,15;;;
;3,72;5,67;9,99;13,15;;;
;3,74;5,73;9,99;13,15;;;
;3,77;5,75;9,99;13,15;;;
;3,78;5,76;9,99;13,15;;;
;3,74;5,69;9,99;13,15;;;
;3,73;5,63;9,99;13,15;;;
;3,78;5,66;9,99;13,15;;;
;3,78;5,72;9,99;13,15;;;
;3,78;5,71;9,99;13,15;;;
;3,78;5,72;9,99;13,15;;;
;3,75;5,66;9,99;13,15;;;
14,5;3,73;5,66;9,99;13,15;;;
;3,74;5,71;9,99;13,15;;;
;3,72;5,68;9,99;13,15;;;
;3,72;5,64;9,99;13,15;;;
;3,72;5,63;9,99;13,15;;;
;3,73;5,65;9,99;13,15;;;
;3,74;5,66;9,99;13,15;;;
;3,77;5,71;9,99;13,15;;;
;3,78;5,71;9,99;13,15;;;
;3,76;5,69;9,99;13,15;;;
;3,82;5,77;9,99;13,15;;;
;3,81;5,73;9,99;13,15;;;
;3,79;5,68;9,99;13,15;;;
;3,81;5,71;9,99;13,15;;;
;3,84;5,74;9,99;13,15;;;
;3,85;5,72;9,99;13,15;;;
;3,87;5,74;9,99;13,15;;;
;3,87;5,75;9,99;13,15;;;
15;3,9;5,76;9,99;13,15;;;
;3,88;5,76;9,99;13,15;;;
;3,85;5,75;9,99;13,15;;;
;3,82;5,72;9,99;13,15;;;
;3,82;5,74;9,99;13,15;;;
;3,8;5,69;9,99;13,15;;;
;3,78;5,67;9,99;13,15;;;
;3,79;5,68;9,99;13,15;;;
;3,75;5,65;9,99;13,15;;;
;3,74;5,67;9,99;13,15;;;
;3,72;5,61;9,99;13,15;;;
;3,71;5,61;9,99;13,15;;;
;3,7;5,58;9,99;13,15;;;
;3,69;5,59;9,99;13,15;;;
;3,68;5,52;9,99;13,15;;;
;3,65;5,49;9,99;13,15;;;
;3,62;5,46;9,99;13,15;;;
;3,66;5,53;9,99;13,15;;;
15,5;3,66;5,54;9,99;13,15;;;
;3,66;5,54;9,99;13,15;;;
;3,65;5,52;9,99;13,15;;;
;3,68;5,59;9,99;13,15;;;
;3,72;5,65;9,99;13,15;;;
;3,74;5,7;9,99;13,15;;;
;3,74;5,74;9,99;13,15;;;
;3,73;5,7;9,99;13,15;;;
;3,75;5,73;9,99;13,15;;;
;3,78;5,81;9,99;13,15;;;
;3,77;5,8;9,99;13,15;;;
;3,77;5,74;9,99;13,15;;;
;3,79;5,77;9,99;13,15;;;
;3,77;5,76;9,99;13,15;;;
;3,77;5,77;9,99;13,15;;;
;3,73;5,67;9,99;13,15;;;
;3,76;5,65;9,99;13,15;;;
;3,75;5,65;9,99;13,15;;;
16;3,68;5,56;9,99;13,15;;;
;3,69;5,56;9,99;13,15;;;
;3,64;5,51;9,99;13,15;;;
;3,67;5,57;9,99;13,15;;;
;3,67;5,61;9,99;13,15;;;
;3,71;5,72;9,99;13,15;;;
;3,7;5,63;9,99;13,15;;;
;3,72;5,61;9,99;13,15;;;
;3,71;5,59;9,99;13,15;;;
;3,66;5,56;9,99;13,15;;;
;3,68;5,59;9,99;13,15;;;
;3,71;5,61;9,99;13,15;;;
;3,73;5,62;9,99;13,15;;;
;3,69;5,6;9,99;13,15;;;
;3,71;5,64;9,99;13,15;;;
;3,69;5,63;9,99;13,15;;;
;3,69;5,62;9,99;13,15;;;
;3,69;5,61;9,99;13,15;;;
16,5;3,65;5,56;9,99;13,15;;;
;3,6;5,48;9,99;13,15;;;
;3,62;5,5;9,99;13,15;;;
;3,63;5,53;9,99;13,15;;;
;3,62;5,55;9,99;13,15;;;
;3,65;5,6;9,99;13,15;;;
;3,62;5,58;9,99;13,15;;;
;3,62;5,6;9,99;13,15;;;
;3,61;5,57;9,99;13,15;;;
;3,61;5,59;9,99;13,15;;;
;3,62;5,61;9,99;13,15;;;
;3,59;5,54;9,99;13,15;;;
;3,63;5,54;9,99;13,15;;;
;3,63;5,56;9,99;13,15;;;
;3,62;5,52;9,99;13,15;;;
;3,57;5,45;9,99;13,15;;;
;3,58;5,44;9,99;13,15;;;
;3,57;5,42;9,99;13,15;;;
17;3,62;5,47;9,99;13,15;;;
;3,65;5,54;9,99;13,15;;;
;3,64;5,53;9,99;13,15;;;
;3,65;5,5;9,99;13,15;;;
;3,67;5,53;9,99;13,15;;;
;3,7;5,6;9,99;13,15;;;
;3,69;5,61;9,99;13,15;;;
;3,72;5,62;9,99;13,15;;;
;3,76;5,69;9,99;13,15;;;
;3,74;5,67;9,99;13,15;;;
;3,74;5,68;9,99;13,15;;;
;3,73;5,67;9,99;13,15;;;
;3,72;5,65;9,99;13,15;;;
;3,72;5,64;9,99;13,15;;;
;3,71;5,65;9,99;13,15;;;
;3,72;5,64;9,99;13,15;;;
;3,72;5,62;9,99;13,15;;;
;3,72;5,63;9,99;13,15;;;
17,5;3,72;5,62;9,99;13,15;;;
;3,68;5,56;9,99;13,15;;;
;3,63;5,52;9,99;13,15;;;
;3,61;5,49;9,99;13,15;;;
;3,63;5,53;9,99;13,15;;;
;3,59;5,49;9,99;13,15;;;
;3,62;5,54;9,99;13,15;;;
;3,61;5,5;9,99;13,15;;;
;3,62;5,49;9,99;13,15;;;
;3,63;5,51;9,99;13,15;;;
;3,62;5,53;9,99;13,15;;;
;3,62;5,5;9,99;13,15;;;
;3,62;5,55;9,99;13,15;;;
;3,6;5,53;9,99;13,15;;;
;3,67;5,57;9,99;13,15;;;
;3,66;5,59;9,99;13,15;;;
;3,64;5,56;9,99;13,15;;;
;3,64;5,55;9,99;13,15;;;
18;3,62;5,51;9,99;13,15;;;
;3,57;5,47;9,99;13,15;;;
;3,61;5,5;9,99;13,15;;;
;3,61;5,53;9,99;13,15;;;
;3,59;5,48;9,99;13,15;;;
;3,56;5,48;9,99;13,15;;;
;3,56;5,47;9,99;13,15;;;
;3,58;5,5;9,99;13,15;;;
;3,58;5,45;9,99;13,15;;;
;3,6;5,5;9,99;13,15;;;
;3,58;5,46;9,99;13,15;;;
;3,56;5,47;9,99;13,15;;;
;3,54;5,44;9,99;13,15;;;
;3,54;5,47;9,99;13,15;;;
;3,55;5,44;9,99;13,15;;;
;3,56;5,48;9,99;13,15;;;
;3,6;5,53;9,99;13,15;;;
;3,6;5,49;9,99;13,15;;;
;3,64;5,55;9,99;13,15;;;
;3,67;5,57;9,99;13,15;;;
;3,64;5,48;9,99;13,15;;;
;3,61;5,44;9,99;13,15;;;
;3,57;5,43;9,99;13,15;;;
;3,56;5,4;9,99;13,15;;;
;3,56;5,42;9,99;13,15;;;
;3,58;5,42;9,99;13,15;;;
;3,51;5,33;9,99;13,15;;;
;3,53;5,35;9,99;13,15;;;
;3,53;5,36;9,99;13,15;;;
;3,52;5,34;9,99;13,15;;;
;3,54;5,41;9,99;13,15;;;
;3,51;5,41;9,99;13,15;;;
;3,51;5,42;9,99;13,15;;;
;3,51;5,38;9,99;13,15;;;
;3,5;5,37;9,99;13,15;;;
;3,5;5,4;9,99;13,15;;;
19;3,5;5,38;9,99;13,15;;;
;3,51;5,37;9,99;13,15;;;
;3,47;5,28;9,99;13,15;;;
;3,44;5,21;9,99;13,15;;;
;3,43;5,23;9,99;13,15;;;
;3,45;5,27;9,99;13,15;;;
;3,47;5,31;9,99;13,15;;;
;3,51;5,37;9,99;13,15;;;
;3,52;5,36;9,99;13,15;;;
;3,53;5,39;9,99;13,15;;;
;3,55;5,44;9,99;13,15;;;
;3,59;5,48;9,99;13,15;;;
;3,6;5,5;9,99;13,15;;;
;3,61;5,47;9,99;13,15;;;
;3,65;5,55;9,99;13,15;;;
;3,63;5,49;9,99;13,15;;;
;3,62;5,45;9,99;13,15;;;
;3,63;5,46;9,99;13,15;;;
19,5;3,58;5,41;9,99;13,15;;;
;3,56;5,4;9,99;13,15;;;
;3,59;5,49;9,99;13,15;;;
;3,58;5,47;9,99;13,15;;;
;3,62;5,54;9,99;13,15;;;
;3,62;5,55;9,99;13,15;;;
;3,62;5,56;9,99;13,15;;;
;3,65;5,63;9,99;13,15;;;
;3,66;5,65;9,99;13,15;;;
;3,66;5,61;9,99;13,15;;;
;3,68;5,61;9,99;13,15;;;
;3,7;5,63;9,99;13,15;;;
;3,68;5,59;9,99;13,15;;;
;3,68;5,6;9,99;13,15;;;
;3,68;5,55;9,99;13,15;;;
;3,64;5,51;9,99;13,15;;;
;3,65;5,55;9,99;13,15;;;
;3,62;5,49;9,99;13,15;;;
20;3,59;5,44;9,99;13,15;;;
;3,56;5,43;9,99;13,15;;;
;3,54;5,43;9,99;13,15;;;
;3,51;5,39;9,99;13,15;;;
;3,51;5,39;9,99;13,15;;;
;3,51;5,4;9,99;13,15;;;
;3,51;5,4;9,99;13,15;;;
;3,47;5,31;9,99;13,15;;;
;3,47;5,28;9,99;13,15;;;
;3,48;5,31;9,99;13,15;;;
;3,49;5,36;9,99;13,15;;;
;3,48;5,34;9,99;13,15;;;
;3,43;5,31;9,99;13,15;;;
;3,45;5,31;9,99;13,15;;;
;3,44;5,3;9,99;13,15;;;
;3,43;5,27;9,99;13,15;;;
;3,45;5,29;9,99;13,15;;;
;3,45;5,29;9,99;13,15;;;
20,5;3,46;5,31;9,99;13,15;;;
;3,43;5,33;9,99;13,15;;;
;3,4;5,28;9,99;13,15;;;
;3,39;5,26;9,99;13,15;;;
;3,45;5,34;9,99;13,15;;;
;3,42;5,31;9,99;13,15;;;
;3,42;5,28;9,99;13,15;;;
;3,47;5,33;9,99;13,15;;;
;3,45;5,28;9,99;13,15;;;
;3,43;5,28;9,99;13,15;;;
;3,43;5,31;9,99;13,15;;;
;3,45;5,35;9,99;13,15;;;
;3,43;5,32;9,99;13,15;;;
;3,44;5,31;9,99;13,15;;;
;3,48;5,37;9,99;13,15;;;
;3,46;5,34;9,99;13,15;;;
;3,44;5,32;9,99;13,15;;;
;3,44;5,31;9,99;13,15;;;
;3,44;5,29;9,99;13,15;;;
;3,44;5,34;9,99;13,15;;;
;3,47;5,36;9,99;13,15;;;
;3,48;5,38;9,99;13,15;;;
;3,47;5,35;9,99;13,15;;;
;3,47;5,32;9,99;13,15;;;
;3,47;5,32;9,99;13,15;;;
;3,49;5,33;9,99;13,15;;;
;3,46;5,27;9,99;13,15;;;
;3,47;5,31;9,99;13,15;;;
;3,47;5,34;9,99;13,15;;;
;3,47;5,36;9,99;13,15;;;
;3,5;5,43;9,99;13,15;;;
;3,49;5,41;9,99;13,15;;;
;3,5;5,45;9,99;13,15;;;
;3,45;5,39;9,99;13,15;;;
;3,45;5,39;9,99;13,15;;;
;3,5;5,41;9,99;13,15;;;
21,5;3,5;5,39;9,99;13,15;;;
;3,47;5,35;9,99;13,15;;;
;3,46;5,34;9,99;13,15;;;
;3,47;5,34;9,99;13,15;;;
;3,48;5,36;9,99;13,15;;;
;3,48;5,38;9,99;13,15;;;
;3,49;5,38;9,99;13,15;;;
;3,48;5,36;9,99;13,15;;;
;3,51;5,39;9,99;13,15;;;
;3,51;5,39;9,99;13,15;;;
;3,52;5,37;9,99;13,15;;;
;3,55;5,41;9,99;13,15;;;
;3,57;5,46;9,99;13,15;;;
;3,58;5,42;9,99;13,15;;;
;3,59;5,43;9,99;13,15;;;
;3,56;5,39;9,99;13,15;;;
;3,56;5,37;9,99;13,15;;;
;3,58;5,4;9,99;13,15;;;
22;3,56;5,41;9,99;13,15;;;
;3,56;5,45;9,99;13,15;;;
;3,6;5,49;9,99;13,15;;;
;3,57;5,43;9,99;13,15;;;
;3,59;5,47;9,99;13,15;;;
;3,54;5,39;9,99;13,15;;;
;3,52;5,37;9,99;13,15;;;
;3,47;5,3;9,99;13,15;;;
;3,44;5,31;9,99;13,15;;;
;3,42;5,31;9,99;13,15;;;
;3,41;5,3;9,99;13,15;;;
;3,41;5,28;9,99;13,15;;;
;3,39;5,25;9,99;13,15;;;
;3,42;5,32;9,99;13,15;;;
;3,38;5,25;9,99;13,15;;;
;3,38;5,22;9,99;13,15;;;
;3,41;5,26;9,99;13,15;;;
;3,4;5,28;9,99;13,15;;;
22,5;3,48;5,35;9,99;13,15;;;
;3,5;5,4;9,99;13,15;;;
;3,51;5,43;9,99;13,15;;;
;3,51;5,41;9,99;13,15;;;
;3,53;5,43;9,99;13,15;;;
;3,52;5,43;9,99;13,15;;;
;3,52;5,4;9,99;13,15;;;
;3,5;5,39;9,99;13,15;;;
;3,51;5,38;9,99;13,15;;;
;3,48;5,37;9,99;13,15;;;
;3,45;5,36;9,99;13,15;;;
;3,47;5,38;9,99;13,15;;;
;3,45;5,33;9,99;13,15;;;
;3,47;5,34;9,99;13,15;;;
;3,45;5,29;9,99;13,15;;;
;3,42;5,26;9,99;13,15;;;
;3,43;5,32;9,99;13,15;;;
;3,43;5,29;9,99;13,15;;;
23;3,42;5,31;9,99;13,15;;;
;3,45;5,31;9,99;13,15;;;
;3,45;5,29;9,99;13,15;;;
;3,46;5,32;9,99;13,15;;;
;3,49;5,36;9,99;13,15;;;
;3,49;5,33;9,99;13,15;;;
;3,51;5,36;9,99;13,15;;;
;3,51;5,36;9,99;13,15;;;
;3,47;5,32;9,99;13,15;;;
;3,45;5,31;9,99;13,15;;;
;3,44;5,34;9,99;13,15;;;
;3,46;5,31;9,99;13,15;;;
;3,43;5,29;9,99;13,15;;;
;3,43;5,32;9,99;13,15;;;
;3,39;5,28;9,99;13,15;;;
;3,4;5,26;9,99;13,15;;;
;3,39;5,28;9,99;13,15;;;
;3,37;5,24;9,99;13,15;;;
;3,37;5,19;9,99;13,15;;;
;3,35;5,16;9,99;13,15;;;
;3,35;5,2;9,99;13,15;;;
;3,33;5,2;9,99;13,15;;;
;3,36;5,2;9,99;13,15;;;
;3,37;5,24;9,99;13,15;;;
;3,37;5,2;9,99;13,15;;;
;3,39;5,21;9,99;13,15;;;
;3,37;5,19;9,99;13,15;;;
;3,34;5,15;9,99;13,15;;;
;3,36;5,19;9,99;13,15;;;
;3,38;5,23;9,99;13,15;;;
;3,36;5,2;9,99;13,15;;;
;3,37;5,23;9,99;13,15;;;
;3,36;5,24;9,99;13,15;;;
;3,37;5,24;9,99;13,15;;;
;3,41;5,26;9,99;13,15;;;
;3,42;5,3;9,99;13,15;;;
24;3,4;5,32;9,99;13,15;;;
;3,39;5,26;9,99;13,15;;;
;3,41;5,24;9,99;13,15;;;
;3,4;5,2;9,99;13,15;;;
;3,4;5,21;9,99;13,15;;;
;3,38;5,2;9,99;13,15;;;
;3,34;5,18;9,99;13,15;;;
;3,37;5,19;9,99;13,15;;;
;3,32;5,13;9,99;13,15;;;
;3,33;5,15;9,99;13,15;;;
;3,31;5,12;9,99;13,15;;;
;3,28;5,05;9,99;13,15;;;
;3,28;5,09;9,99;13,15;;;
;3,3;5,09;9,99;13,15;;;
;3,29;5,11;9,99;13,15;;;
;3,32;5,14;9,99;13,15;;;
;3,3;5,16;9,99;13,15;;;
;3,31;5,18;9,99;13,15;;;
24,5;3,33;5,2;9,99;13,15;;;
;3,34;5,21;9,99;13,15;;;
;3,35;5,19;9,99;13,15;;;
;3,37;5,22;9,99;13,15;;;
;3,35;5,19;9,99;13,15;;;
;3,36;5,22;9,99;13,15;;;
;3,37;5,23;9,99;13,15;;;
;3,33;5,18;9,99;13,15;;;
;3,35;5,21;9,99;13,15;;;
;3,36;5,24;9,99;13,15;;;
;3,38;5,29;9,99;13,15;;;
;3,35;5,21;9,99;13,15;;;
;3,36;5,22;9,99;13,15;;;
;3,36;5,22;9,99;13,15;;;
;3,36;5,17;9,99;13,15;;;
;3,34;5,12;9,99;13,15;;;
;3,31;5,09;9,99;13,15;;;
;3,32;5,09;9,99;13,15;;;
25;3,3;5,05;9,99;13,15;;;
;3,27;5,04;9,99;13,15;;;
;3,27;5,02;9,99;13,15;;;
;3,28;5,04;9,99;13,15;;;
;3,32;5,06;9,99;13,15;;;
;3,31;5,04;9,99;13,15;;;
;3,29;5,06;9,99;13,15;;;
;3,29;5,07;9,99;13,15;;;
;3,27;5,06;9,99;13,15;;;
;3,27;5,04;9,99;13,15;;;
;3,23;4,99;9,99;13,15;;;
;3,23;5,05;9,99;13,15;;;
;3,24;5,06;9,99;13,15;;;
;3,25;5,05;9,99;13,15;;;
;3,28;5,11;9,99;13,15;;;
;3,25;5,05;9,99;13,15;;;
;3,25;5,04;9,99;13,15;;;
;3,28;5,07;9,99;13,15;;;
25,5;3,28;5,07;9,99;13,15;;;
;3,32;5,12;9,99;13,15;;;
;3,33;5,16;9,99;13,15;;;
;3,33;5,18;9,99;13,15;;;
;3,35;5,18;9,99;13,15;;;
;3,35;5,19;9,99;13,15;;;
;3,36;5,18;9,99;13,15;;;
;3,36;5,22;9,99;13,15;;;
;3,39;5,23;9,99;13,15;;;
;3,38;5,24;9,99;13,15;;;
;3,36;5,23;9,99;13,15;;;
;3,35;5,23;9,99;13,15;;;
;3,34;5,2;9,99;13,15;;;
;3,32;5,19;9,99;13,15;;;
;3,28;5,11;9,99;13,15;;;
;3,28;5,09;9,99;13,15;;;
;3,34;5,14;9,99;13,15;;;
;3,36;5,16;9,99;13,15;;;
26;3,4;5,26;9,99;13,15;;;
;3,42;5,28;9,99;13,15;;;
;3,39;5,22;9,99;13,15;;;
;3,37;5,2;9,99;13,15;;;
;3,36;5,17;9,99;13,15;;;
;3,36;5,18;9,99;13,15;;;
;3,38;5,22;9,99;13,15;;;
;3,34;5,15;9,99;13,15;;;
;3,34;5,17;9,99;13,15;;;
;3,31;5,14;9,99;13,15;;;
;3,35;5,2;9,99;13,15;;;
;3,33;5,15;9,99;13,15;;;
;3,33;5,18;9,99;13,15;;;
;3,34;5,19;9,99;13,15;;;
;3,33;5,18;9,99;13,15;;;
;3,31;5,13;9,99;13,15;;;
;3,3;5,11;9,99;13,15;;;
;3,31;5,1;9,99;13,15;;;
26,5;3,26;5,03;9,99;13,15;;;
;3,24;5;9,99;13,15;;;
;3,24;4,99;9,99;13,15;;;
;3,27;5,06;9,99;13,15;;;
;3,3;5,1;9,99;13,15;;;
;3,32;5,13;9,99;13,15;;;
;3,32;5,17;9,99;13,15;;;
;3,31;5,1;9,99;13,15;;;
;3,3;5,06;9,99;13,15;;;
;3,3;5,06;9,99;13,15;;;
;3,29;5,07;9,99;13,15;;;
;3,26;5,05;9,99;13,15;;;
;3,29;5,06;9,99;13,15;;;
;3,26;5,06;9,99;13,15;;;
;3,26;5,07;9,99;13,15;;;
;3,25;5,03;9,99;13,15;;;
;3,26;5,05;9,99;13,15;;;
;3,29;5,11;9,99;13,15;;;
27;3,3;5,13;9,99;13,15;;;
;3,32;5,13;9,99;13,15;;;
;3,26;5,03;9,99;13,15;;;
;3,29;5,09;9,99;13,15;;;
;3,28;5,11;9,99;13,15;;;
;3,26;5,08;9,99;13,15;;;
;3,29;5,1;9,99;13,15;;;
;3,29;5,08;9,99;13,15;;;
;3,28;5,09;9,99;13,15;;;
;3,32;5,12;9,99;13,15;;;
;3,34;5,14;9,99;13,15;;;
;3,37;5,15;9,99;13,15;;;
;3,36;5,14;9,99;13,15;;;
;3,36;5,15;9,99;13,15;;;
;3,38;5,2;9,99;13,15;;;
;3,38;5,15;9,99;13,15;;;
;3,34;5,13;9,99;13,15;;;
;3,34;5,15;9,99;13,15;;;
27,5;3,34;5,14;9,99;13,15;;;
;3,34;5,18;9,99;13,15;;;
;3,31;5,11;9,99;13,15;;;
;3,3;5,09;9,99;13,15;;;
;3,27;5,04;9,99;13,15;;;
;3,3;5,12;9,99;13,15;;;
;3,32;5,12;9,99;13,15;;;
;3,35;5,14;9,99;13,15;;;
;3,31;5,07;9,99;13,15;;;
;3,31;5,06;9,99;13,15;;;
;3,31;5,05;9,99;13,15;;;
;3,3;5,03;9,99;13,15;;;
;3,31;5,09;9,99;13,15;;;
;3,3;5,08;9,99;13,15;;;
;3,32;5,12;9,99;13,15;;;
;3,35;5,18;9,99;13,15;;;
;3,32;5,14;9,99;13,15;;;
;3,29;5,12;9,99;13,15;;;
28;3,32;5,15;9,99;13,15;;;
;3,32;5,13;9,99;13,15;;;
;3,29;5,1;9,99;13,15;;;
;3,32;5,13;9,99;13,15;;;
;3,34;5,18;9,99;13,15;;;
;3,36;5,23;9,99;13,15;;;
;3,33;5,17;9,99;13,15;;;
;3,31;5,14;9,99;13,15;;;
;3,31;5,13;9,99;13,15;;;
;3,3;5,14;9,99;13,15;;;
;3,3;5,15;9,99;13,15;;;
;3,3;5,15;9,99;13,15;;;
;3,27;5,13;9,99;13,15;;;
;3,28;5,14;9,99;13,15;;;
;3,31;5,19;9,99;13,15;;;
;3,31;5,18;9,99;13,15;;;
;3,3;5,14;9,99;13,15;;;
;3,3;5,08;9,99;13,15;;;
28,5;3,27;5,11;9,99;13,15;;;
;3,3;5,15;9,99;13,15;;;
;3,28;5,1;9,99;13,15;;;
;3,25;5,03;9,99;13,15;;;
;3,24;5,02;9,99;13,15;;;
;3,24;5,03;9,99;13,15;;;
;3,24;5,01;9,99;13,15;;;
;3,25;5,02;9,99;13,15;;;
;3,25;5,03;9,99;13,15;;;
;3,19;4,99;9,99;13,15;;;
;3,21;4,99;9,99;13,15;;;
;3,21;4,97;9,99;13,15;;;
;3,19;4,96;9,99;13,15;;;
;3,2;5,01;9,99;13,15;;;
;3,2;4,99;9,99;13,15;;;
;3,18;4,98;9,99;13,15;;;
;3,14;4,94;9,99;13,15;;;
;3,12;4,91;9,99;13,15;;;
29;3,15;4,96;9,99;13,15;;;
;3,15;4,95;9,99;13,15;;;
;3,16;4,95;9,99;13,15;;;
;3,15;4,92;9,99;13,15;;;
;3,14;4,9;9,99;13,15;;;
;3,16;4,94;9,99;13,15;;;
;3,16;4,93;9,99;13,15;;;
;3,16;4,94;9,99;13,15;;;
;3,19;4,98;9,99;13,15;;;
;3,2;5;9,99;13,15;;;
;3,18;4,95;9,99;13,15;;;
;3,18;4,93;9,99;13,15;;;
;3,17;4,92;9,99;13,15;;;
;3,23;4,96;9,99;13,15;;;
;3,2;4,94;9,99;13,15;;;
;3,18;4,92;9,99;13,15;;;
;3,16;4,89;9,99;13,15;;;
;3,18;4,92;9,99;13,15;;;
29,5;3,18;4,92;9,99;13,15;;;
;3,18;4,92;9,99;13,15;;;
;3,17;4,9;9,99;13,15;;;
;3,22;4,94;9,99;13,15;;;
;3,18;4,89;9,99;13,15;;;
;3,18;4,89;9,99;13,15;;;
;3,17;4,87;9,99;13,15;;;
;3,18;4,92;9,99;13,15;;;
;3,19;4,91;9,99;13,15;;;
;3,21;4,96;9,99;13,15;;;
;3,23;4,97;9,99;13,15;;;
;3,24;4,96;9,99;13,15;;;
;3,22;4,96;9,99;13,15;;;
;3,19;4,9;9,99;13,15;;;
;3,21;4,95;9,99;13,15;;;
;3,22;4,99;9,99;13,15;;;
;3,22;4,96;9,99;13,15;;;
;3,21;4,93;9,99;13,15;;;
30;3,22;4,96;9,99;13,15;;;
;3,21;5,01;9,99;13,15;;;
;3,18;4,96;9,99;13,15;;;
;3,21;5,01;9,99;13,15;;;
;3,2;4,98;9,99;13,15;;;
;3,23;5,01;9,99;13,15;;;
;3,21;4,99;9,99;13,15;;;
;3,21;4,97;9,99;13,15;;;
;3,23;4,99;9,99;13,15;;;
;3,25;5,04;9,99;13,15;;;
;3,28;5,11;9,99;13,15;;;
;3,3;5,15;9,99;13,15;;;
;3,28;5,11;9,99;13,15;;;
;3,27;5,08;9,99;13,15;;;
;3,29;5,1;9,99;13,15;;;
;3,3;5,1;9,99;13,15;;;
;3,27;5,07;9,99;13,15;;;
;3,28;5,08;9,99;13,15;;;
30,5;3,29;5,12;9,99;13,15;;;
;3,26;5,09;9,99;13,15;;;
;3,25;5,09;9,99;13,15;;;
;3,24;5,08;9,99;13,15;;;
;3,26;5,09;9,99;13,15;;;
;3,27;5,12;9,99;13,15;;;
;3,27;5,1;9,99;13,15;;;
;3,26;5,11;9,99;13,15;;;
;3,24;5,04;9,99;13,15;;;
;3,25;5,08;9,99;13,15;;;
;3,28;5,12;9,99;13,15;;;
;3,26;5,1;9,99;13,15;;;
;3,26;5,1;9,99;13,15;;;
;3,28;5,11;9,99;13,15;;;
;3,31;5,12;9,99;13,15;;;
;3,32;5,14;9,99;13,15;;;
;3,32;5,15;9,99;13,15;;;
;3,27;5,07;9,99;13,15;;;
31;3,25;5,05;9,99;13,15;;;
;3,24;5,01;9,99;13,15;;;
;3,23;5,02;9,99;13,15;;;
;3,24;5,02;9,99;13,15;;;
;3,21;5;9,99;13,15;;;
;3,21;5;9,99;13,15;;;
;3,23;5,02;9,99;13,15;;;
;3,24;5,02;9,99;13,15;;;
;3,26;5,02;9,99;13,15;;;
;3,24;5,01;9,99;13,15;;;
;3,24;5,02;9,99;13,15;;;
;3,2;4,99;9,99;13,15;;;
;3,23;4,99;9,99;13,15;;;
;3,23;5,01;9,99;13,15;;;
;3,21;4,94;9,99;13,15;;;
;3,21;4,96;9,99;13,15;;;
;3,19;4,91;9,99;13,15;;;
;3,18;4,89;9,99;13,15;;;
31,5;3,18;4,94;9,99;13,15;;;
;3,18;4,95;9,99;13,15;;;
;3,18;4,94;9,99;13,15;;;
;3,2;4,96;9,99;13,15;;;
;3,2;5;9,99;13,15;;;
;3,18;4,97;9,99;13,15;;;
;3,21;5;9,99;13,15;;;
;3,19;4,98;9,99;13,15;;;
;3,18;5;9,99;13,15;;;
;3,18;4,98;9,99;13,15;;;
;3,2;5,02;9,99;13,15;;;
;3,2;5,03;9,99;13,15;;;
;3,22;4,99;9,99;13,15;;;
;3,21;4,98;9,99;13,15;;;
;3,2;4,97;9,99;13,15;;;
;3,2;4,97;9,99;13,15;;;
;3,18;4,96;9,99;13,15;;;
;3,16;4,91;9,99;13,15;;;
32;3,14;4,86;9,99;13,15;;;
;3,12;4,87;9,99;13,15;;;
;3,09;4,81;9,99;13,15;;;
;3,13;4,85;9,99;13,15;;;
;3,16;4,88;9,99;13,15;;;
;3,14;4,85;9,99;13,15;;;
;3,1;4,75;9,99;13,15;;;
;3,1;4,8;9,99;13,15;;;
;3,12;4,87;9,99;13,15;;;
;3,13;4,89;9,99;13,15;;;
;3,14;4,92;9,99;13,15;;;
;3,13;4,9;9,99;13,15;;;
;3,16;4,97;9,99;13,15;;;
;3,19;4,97;9,99;13,15;;;
;3,2;5,04;9,99;13,15;;;
;3,2;4,96;9,99;13,15;;;
;3,21;4,98;9,99;13,15;;;
;3,2;4,97;9,99;13,15;;;
32,5;3,19;4,98;9,99;13,15;;;
;3,18;4,99;9,99;13,15;;;
;3,19;5;9,99;13,15;;;
;3,19;4,98;9,99;13,15;;;
;3,18;4,96;9,99;13,15;;;
;3,14;4,93;9,99;13,15;;;
;3,14;4,93;9,99;13,15;;;
;3,18;4,94;9,99;13,15;;;
;3,19;4,96;9,99;13,15;;;
;3,18;4,96;9,99;13,15;;;
;3,18;4,92;9,99;13,15;;;
;3,16;4,93;9,99;13,15;;;
;3,16;4,94;9,99;13,15;;;
;3,21;5;9,99;13,15;;;
;3,19;5;9,99;13,15;;;
;3,15;4,93;9,99;13,15;;;
;3,17;4,96;9,99;13,15;;;
;3,13;4,92;9,99;13,15;;;
33;3,17;4,96;9,99;13,15;;;
;3,15;4,97;9,99;13,15;;;
;3,14;4,93;9,99;13,15;;;
;3,16;4,97;9,99;13,15;;;
;3,15;4,96;9,99;13,15;;;
;3,15;4,93;9,99;13,15;;;
;3,12;4,91;9,99;13,15;;;
;3,15;4,9;9,99;13,15;;;
;3,14;4,89;9,99;13,15;;;
;3,17;4,95;9,99;13,15;;;
;3,2;4,98;9,99;13,15;;;
;3,17;4,9;9,99;13,15;;;
;3,14;4,86;9,99;13,15;;;
;3,16;4,87;9,99;13,15;;;
;3,16;4,89;9,99;13,15;;;
;3,14;4,88;9,99;13,15;;;
;3,12;4,84;9,99;13,15;;;
;3,14;4,89;9,99;13,15;;;
33,5;3,14;4,87;9,99;13,15;;;
;3,09;4,84;9,99;13,15;;;
;3,11;4,86;9,99;13,15;;;
;3,1;4,84;9,99;13,15;;;
;3,09;4,83;9,99;13,15;;;
;3,06;4,78;9,99;13,15;;;
;3,08;4,8;9,99;13,15;;;
;3,09;4,81;9,99;13,15;;;
;3,13;4,87;9,99;13,15;;;
;3,1;4,83;9,99;13,15;;;
;3,1;4,83;9,99;13,15;;;
;3,1;4,82;9,99;13,15;;;
;3,09;4,82;9,99;13,15;;;
;3,14;4,88;9,99;13,15;;;
;3,18;4,91;9,99;13,15;;;
;3,16;4,89;9,99;13,15;;;
;3,19;4,94;9,99;13,15;;;
;3,19;4,95;9,99;13,15;;;
34;3,18;4,91;9,99;13,15;;;
;3,17;4,89;9,99;13,15;;;
;3,16;4,87;9,99;13,15;;;
;3,19;4,91;9,99;13,15;;;
;3,17;4,94;9,99;13,15;;;
;3,17;4,93;9,99;13,15;;;
;3,13;4,9;9,99;13,15;;;
;3,13;4,88;9,99;13,15;;;
;3,1;4,86;9,99;13,15;;;
;3,1;4,83;9,99;13,15;;;
;3,11;4,85;9,99;13,15;;;
;3,12;4,88;9,99;13,15;;;
;3,12;4,87;9,99;13,15;;;
;3,11;4,84;9,99;13,15;;;
;3,15;4,92;9,99;13,15;;;
;3,13;4,88;9,99;13,15;;;
;3,14;4,9;9,99;13,15;;;
;3,14;4,92;9,99;13,15;;;
34,5;3,12;4,88;9,99;13,15;;;
;3,13;4,94;9,99;13,15;;;
;3,13;4,91;9,99;13,15;;;
;3,12;4,87;9,99;13,15;;;
;3,11;4,85;9,99;13,15;;;
;3,11;4,87;9,99;13,15;;;
;3,12;4,89;9,99;13,15;;;
;3,11;4,9;9,99;13,15;;;
;3,14;4,89;9,99;13,15;;;
;3,11;4,85;9,99;13,15;;;
;3,13;4,87;9,99;13,15;;;
;3,16;4,93;9,99;13,15;;;
;3,18;4,96;9,99;13,15;;;
;3,19;4,99;9,99;13,15;;;
;3,23;5,03;9,99;13,15;;;
;3,2;5;9,99;13,15;;;
;3,22;5;9,99;13,15;;;
;3,23;4,99;9,99;13,15;;;
35;3,2;4,94;9,99;13,15;;;
;3,18;4,96;9,99;13,15;;;
;3,18;4,93;9,99;13,15;;;
;3,18;4,96;9,99;13,15;;;
;3,2;4,98;9,99;13,15;;;
;3,16;4,93;9,99;13,15;;;
;3,17;4,98;9,99;13,15;;;
;3,13;4,9;9,99;13,15;;;
;3,12;4,94;9,99;13,15;;;
;3,11;4,92;9,99;13,15;;;
;3,12;4,9;9,99;13,15;;;
;3,14;4,94;9,99;13,15;;;
;3,14;5;9,99;13,15;;;
;3,14;5,03;9,99;13,15;;;
;3,13;5;9,99;13,15;;;
;3,1;4,95;9,99;13,15;;;
;3,09;4,89;9,99;13,15;;;
;3,13;4,95;9,99;13,15;;;
35,5;3,12;4,93;9,99;13,15;;;
;3,1;4,94;9,99;13,15;;;
;3,08;4,9;9,99;13,15;;;
;3,07;4,87;9,99;13,15;;;
;3,07;4,88;9,99;13,15;;;
;3,1;4,88;9,99;13,15;;;
;3,05;4,82;9,99;13,15;;;
;3,05;4,82;9,99;13,15;;;
;3,02;4,79;9,99;13,15;;;
;3,04;4,82;9,99;13,15;;;
;3,06;4,8;9,99;13,15;;;
;3,07;4,81;9,99;13,15;;;
;3,05;4,77;9,99;13,15;;;
;3,01;4,7;9,99;13,15;;;
;3,01;4,68;9,99;13,15;;;
;3,02;4,68;9,99;13,15;;;
;3,02;4,7;9,99;13,15;;;
;3,06;4,75;9,99;13,15;;;
36;3,07;4,78;9,99;13,15;;;
;3,08;4,79;9,99;13,15;;;
;3,07;4,78;9,99;13,15;;;
;3,08;4,79;9,99;13,15;;;
;3,08;4,77;9,99;13,15;;;
;3,1;4,82;9,99;13,15;;;
;3,12;4,85;9,99;13,15;;;
;3,15;4,91;9,99;13,15;;;
;3,14;4,88;9,99;13,15;;;
;3,12;4,86;9,99;13,15;;;
;3,11;4,85;9,99;13,15;;;
;3,07;4,81;9,99;13,15;;;
;3,08;4,85;9,99;13,15;;;
;3,07;4,79;9,99;13,15;;;
;3,06;4,75;9,99;13,15;;;
;3,04;4,73;9,99;13,15;;;
;3,03;4,72;9,99;13,15;;;
;3,06;4,8;9,99;13,15;;;
36,5;3,01;4,7;9,99;13,15;;;
;3,03;4,73;9,99;13,15;;;
;3;4,72;9,99;13,15;;;
;2,99;4,72;9,99;13,15;;;
;2,98;4,73;9,99;13,15;;;
;2,99;4,71;9,99;13,15;;;
;3,01;4,71;9,99;13,15;;;
;3,01;4,71;9,99;13,15;;;
;3,02;4,7;9,99;13,15;;;
;3,03;4,75;9,99;13,15;;;
;3,03;4,75;9,99;13,15;;;
;3,05;4,76;9,99;13,15;;;
;3,06;4,76;9,99;13,15;;;
;3,04;4,74;9,99;13,15;;;
;3,06;4,75;9,99;13,15;;;
;3,05;4,73;9,99;13,15;;;
;3,06;4,74;9,99;13,15;;;
;3,04;4,75;9,99;13,15;;;
;3,07;4,78;9,99;13,15;;;
;3,07;4,79;9,99;13,15;;;
;3,08;4,86;9,99;13,15;;;
;3,05;4,82;9,99;13,15;;;
;3,03;4,79;9,99;13,15;;;
;3,05;4,8;9,99;13,15;;;
;3,03;4,79;9,99;13,15;;;
;3,05;4,84;9,99;13,15;;;
;3,06;4,81;9,99;13,15;;;
;3,05;4,79;9,99;13,15;;;
;3,04;4,79;9,99;13,15;;;
;3,04;4,81;9,99;13,15;;;
;3,02;4,77;9,99;13,15;;;
;3,05;4,78;9,99;13,15;;;
;3,04;4,78;9,99;13,15;;;
;3,05;4,81;9,99;13,15;;;
;3,04;4,81;9,99;13,15;;;
;3,02;4,8;9,99;13,15;;;
37,5;3,01;4,77;9,99;13,15;;;
;3,02;4,78;9,99;13,15;;;
;3;4,75;9,99;13,15;;;
;3;4,76;9,99;13,15;;;
;3;4,76;9,99;13,15;;;
;2,97;4,75;9,99;13,15;;;
;2,99;4,77;9,99;13,15;;;
;3;4,79;9,99;13,15;;;
;3,01;4,79;9,99;13,15;;;
;3,01;4,78;9,99;13,15;;;
;3;4,75;9,99;13,15;;;
;3;4,79;9,99;13,15;;;
;3,03;4,85;9,99;13,15;;;
;3,02;4,79;9,99;13,15;;;
;3,01;4,77;9,99;13,15;;;
;3,03;4,8;9,99;13,15;;;
;3,04;4,8;9,99;13,15;;;
;3,06;4,8;9,99;13,15;;;
38;3,03;4,76;9,99;13,15;;;
;3,01;4,76;9,99;13,15;;;
;3,01;4,76;9,99;13,15;;;
;2,96;4,72;9,99;13,15;;;
;2,94;4,66;9,99;13,15;;;
;2,96;4,64;9,99;13,15;;;
;3,04;4,77;9,99;13,15;;;
;3,04;4,77;9,99;13,15;;;
;3,02;4,76;9,99;13,15;;;
;3,02;4,72;9,99;13,15;;;
;3,04;4,74;9,99;13,15;;;
;3,03;4,74;9,99;13,15;;;
;3,05;4,77;9,99;13,15;;;
;3,1;4,83;9,99;13,15;;;
;3,07;4,8;9,99;13,15;;;
;3,08;4,81;9,99;13,15;;;
;3,1;4,85;9,99;13,15;;;
;3,12;4,89;9,99;13,15;;;
38,5;3,09;4,85;9,99;13,15;;;
;3,05;4,77;9,99;13,15;;;
;3,05;4,82;9,99;13,15;;;
;3,05;4,84;9,99;13,15;;;
;3,04;4,78;9,99;13,15;;;
;3,04;4,77;9,99;13,15;;;
;3,06;4,81;9,99;13,15;;;
;3,06;4,77;9,99;13,15;;;
;3,03;4,72;9,99;13,15;;;
;3,03;4,75;9,99;13,15;;;
;3,06;4,82;9,99;13,15;;;
;3,08;4,87;9,99;13,15;;;
;3,05;4,83;9,99;13,15;;;
;2,98;4,76;9,99;13,15;;;
;3;4,79;9,99;13,15;;;
;3,03;4,83;9,99;13,15;;;
;3,02;4,81;9,99;13,15;;;
;3,06;4,85;9,99;13,15;;;
39;3,07;4,88;9,99;13,15;;;
;3,07;4,88;9,99;13,15;;;
;3,09;4,9;9,99;13,15;;;
;3,08;4,88;9,99;13,15;;;
;3,1;4,9;9,99;13,15;;;
;3,09;4,84;9,99;13,15;;;
;3,08;4,8;9,99;13,15;;;
;3,07;4,81;9,99;13,15;;;
;3,03;4,75;9,99;13,15;;;
;3,01;4,74;9,99;13,15;;;
;3,02;4,75;9,99;13,15;;;
;3,01;4,75;9,99;13,15;;;
;3;4,79;9,99;13,15;;;
;3;4,74;9,99;13,15;;;
;3,01;4,75;9,99;13,15;;;
;2,99;4,74;9,99;13,15;;;
;2,99;4,71;9,99;13,15;;;
;3;4,76;9,99;13,15;;;
;2,97;4,72;9,99;13,15;;;
;2,98;4,73;9,99;13,15;;;
;2,98;4,73;9,99;13,15;;;
;2,98;4,73;9,99;13,15;;;
;2,97;4,71;9,99;13,15;;;
;2,97;4,71;9,99;13,15;;;
;3;4,69;9,99;13,15;;;
;3,03;4,75;9,99;13,15;;;
;3,01;4,74;9,99;13,15;;;
;3,01;4,73;9,99;13,15;;;
;3,02;4,74;9,99;13,15;;;
;3,01;4,75;9,99;13,15;;;
;2,97;4,67;9,99;13,15;;;
;2,96;4,69;9,99;13,15;;;
;2,97;4,72;9,99;13,15;;;
;3;4,74;9,99;13,15;;;
;2,98;4,73;9,99;13,15;;;
;2,96;4,68;9,99;13,15;;;
40;3;4,75;9,99;13,15;;;
;2,99;4,77;9,99;13,15;;;
;2,98;4,73;9,99;13,15;;;
;3;4,75;9,99;13,15;;;
;2,97;4,74;9,99;13,15;;;
;2,94;4,67;9,99;13,15;;;
;2,95;4,67;9,99;13,15;;;
;3;4,75;9,99;13,15;;;
;2,97;4,72;9,99;13,15;;;
;2,95;4,63;9,99;13,15;;;
;2,97;4,66;9,99;13,15;;;
;2,97;4,67;9,99;13,15;;;
;2,97;4,65;9,99;13,15;;;
;2,99;4,67;9,99;13,15;;;
;2,98;4,67;9,99;13,15;;;
;2,96;4,67;9,99;13,15;;;
;2,96;4,64;9,99;13,15;;;
;2,95;4,59;9,99;13,15;;;
40,5;2,95;4,62;9,99;13,15;;;
;2,95;4,62;9,99;13,15;;;
;2,97;4,7;9,99;13,15;;;
;2,96;4,68;9,99;13,15;;;
;2,94;4,66;9,99;13,15;;;
;2,96;4,71;9,99;13,15;;;
;2,98;4,73;9,99;13,15;;;
;3;4,73;9,99;13,15;;;
;3;4,69;9,99;13,15;;;
;3,02;4,71;9,99;13,15;;;
;3,04;4,74;9,99;13,15;;;
;3,07;4,76;9,99;13,15;;;
;3,06;4,75;9,99;13,15;;;
;3,05;4,75;9,99;13,15;;;
;3,04;4,74;9,99;13,15;;;
;3,05;4,79;9,99;13,15;;;
;3,01;4,76;9,99;13,15;;;
;3;4,75;9,99;13,15;;;
41;3;4,78;9,99;13,15;;;
;3;4,74;9,99;13,15;;;
;3,02;4,8;9,99;13,15;;;
;3,01;4,78;9,99;13,15;;;
;3;4,75;9,99;13,15;;;
;3,01;4,74;9,99;13,15;;;
;3,02;4,75;9,99;13,15;;;
;3,04;4,77;9,99;13,15;;;
;3,03;4,76;9,99;13,15;;;
;3,02;4,74;9,99;13,15;;;
;3,03;4,79;9,99;13,15;;;
;3,04;4,78;9,99;13,15;;;
;3,05;4,8;9,99;13,15;;;
;3,05;4,79;9,99;13,15;;;
;3,1;4,85;9,99;13,15;;;
;3,1;4,84;9,99;13,15;;;
;3,1;4,85;9,99;13,15;;;
;3,05;4,79;9,99;13,15;;;
41,5;3,07;4,85;9,99;13,15;;;
;3,07;4,8;9,99;13,15;;;
;3,05;4,76;9,99;13,15;;;
;3,05;4,82;9,99;13,15;;;
;3,06;4,82;9,99;13,15;;;
;3,01;4,78;9,99;13,15;;;
