Time;FailureMean;FailureMean+Sqrt(Var);AnalyticalMean;AnalyticalMean+sqrt(Var);;;Parameters:;;;;;;;;;;;
0;0,01;0,11;0;#ИМЯ?;;;Lambda;0.001;;;;;;;;;;
;0,96;1,92;0,95;4,11;;;Initial N;10000;;;N, число процессов;1;2;4;8;16;;5
;1,81;3,14;1,81;4,97;;;Delta t;0.001;;;Ti, секунды;547;275,6;157,3;111;79;;
;2,58;4,16;2,59;5,75;;;T (time steps);25;;;;;;;;;;
;3,27;5,09;3,3;6,46;;;Number of experiments;100000;;;;;;;;;;
;3,91;5,89;3,93;7,09;;;Nu;1;;;N;K;;;;;;
;4,49;6,6;4,51;7,67;;;;;;;1;1;;;;;;
;5;7,25;5,03;8,19;;;;;;;2;1,984760522;;;;;;
;5,48;7,82;5,5;8,66;;;;;;;4;3,477431659;;;;;;
;5,91;8,32;5,93;9,09;;;;;;;8;4,927927928;;;;;;
;6,29;8,79;6,32;9,48;;;;;;;16;6,924050633;;;;;;
;6,65;9,23;6,67;9,83;;;;;;;;;;;;;;
;6,98;9,6;6,98;10,14;;;;;;;;;;;;;;
;7,26;9,92;7,27;10,43;;;;;;;;;;;;;;
;7,51;10,22;7,53;10,69;;;;;;;;;;;;;;
;7,72;10,49;7,76;10,92;;;;;;;;;;;;;;
;7,92;10,74;7,98;11,14;;;;;;;;;;;;;;
;8,12;10,96;8,17;11,33;;;;;;;;;;;;;;
0,5;8,31;11,21;8,34;11,5;;;;;;;;;;;;;;
;8,46;11,39;8,5;11,66;;;;;;;;;;;;;;
;8,59;11,58;8,64;11,8;;;;;;;;;;;;;;
;8,73;11,72;8,77;11,93;;;;;;;;;;;;;;
;8,85;11,87;8,89;12,04;;;;;;;;;;;;;;
;8,96;11,98;8,99;12,15;;;;;;;;;;;;;;
;9,07;12,08;9,09;12,25;;;;;;;;;;;;;;
;9,18;12,19;9,17;12,33;;;;;;;;;;;;;;
;9,28;12,3;9,25;12,41;;;;;;;;;;;;;;
;9,39;12,42;9,32;12,48;;;;;;;;;;;;;;
;9,47;12,51;9,38;12,54;;;;;;;;;;;;;;S
;9,51;12,55;9,44;12,6;;;;;;;;;;;;;;
;9,56;12,63;9,49;12,65;;;;;;;;;;;;;;
;9,6;12,69;9,54;12,7;;;;;;;;;;;;;;
;9,66;12,77;9,58;12,74;;;;;;;;;;;;;;
;9,71;12,81;9,62;12,78;;;;;;;;;;;;;;
;9,74;12,83;9,66;12,82;;;;;;;;;;;;;;
;9,76;12,85;9,69;12,85;;;;;;;;;;;;;;
1;9,77;12,86;9,72;12,88;;;;;;;;;;;;;;
;9,78;12,88;9,74;12,9;;;;;;;;;;;;;;
;9,82;12,92;9,77;12,93;;;;;;;;;;;;;;
;9,84;12,93;9,79;12,95;;;;;;;;;;;;;;
;9,85;12,94;9,81;12,97;;;;;;;;;;;;;;
;9,83;12,93;9,83;12,98;;;;;;;;;;;;;;
;9,82;12,91;9,84;13;;;;;;;;;;;;;;
;9,85;12,93;9,86;13,01;;;;;;;;;;;;;;
;9,85;12,95;9,87;13,03;;;;;;;;;;;;;;
;9,88;13;9,88;13,04;;;;;;;;;;;;;;
;9,88;13,01;9,89;13,05;;;;;;;;;;;;;;
;9,88;13;9,9;13,06;;;;;;;;;;;;;;
;9,86;12,96;9,91;13,07;;;;;;;;;;;;;;
;9,87;12,99;9,92;13,08;;;;;;;;;;;;;;
;9,88;13;9,92;13,08;;;;;;;;;;;;;;
;9,86;12,96;9,93;13,09;;;;;;;;;;;;;;
;9,86;12,98;9,94;13,09;;;;;;;;;;;;;;
;9,87;12,99;9,94;13,1;;;;;;;;;;;;;;
1,5;9,88;13,02;9,95;13,1;;;;;;;;;;;;;;
;9,87;13,05;9,95;13,11;;;;;;;;;;;;;;
;9,87;13,04;9,95;13,11;;;;;;;;;;;;;;
;9,89;13,05;9,96;13,12;;;;;;;;;;;;;;
;9,89;13,05;9,96;13,12;;;;;;;;;;;;;;
;9,9;13,03;9,96;13,12;;;;;;;;;;;;;;
;9,94;13,07;9,97;13,12;;;;;;;;;;;;;;
;9,99;13,16;9,97;13,13;;;;;;;;;;;;;;
;9,98;13,14;9,97;13,13;;;;;;;;;;;;;;
;9,98;13,13;9,97;13,13;;;;;;;;;;;;;;
;9,94;13,1;9,97;13,13;;;;;;;;;;;;;;
;9,97;13,12;9,98;13,13;;;;;;;;;;;;;;
;9,97;13,11;9,98;13,14;;;;;;;;;;;;;;
;9,96;13,11;9,98;13,14;;;;;;;;;;;;;;
;9,98;13,11;9,98;13,14;;;;;;;;;;;;;;
;9,97;13,09;9,98;13,14;;;;;;;;;;;;;;
;9,98;13,12;9,98;13,14;;;;;;;;;;;;;;
;9,95;13,1;9,98;13,14;;;;;;;;;;;;;;
2;9,94;13,07;9,98;13,14;;;;;;;;;;;;;;
;9,94;13,07;9,98;13,14;;;;;;;;;;;;;;
;9,95;13,06;9,98;13,14;;;;;;;;;;;;;;
;9,97;13,08;9,98;13,14;;;;;;;;;;;;;;
;9,97;13,07;9,99;13,14;;;;;;;;;;;;;;
;9,99;13,13;9,99;13,14;;;;;;;;;;;;;;
;10;13,16;9,99;13,15;;;;;;;;;;;;;;
;10,01;13,15;9,99;13,15;;;;;;;;;;;;;;
;10,03;13,16;9,99;13,15;;;;;;;;;;;;;;
;10,05;13,21;9,99;13,15;;;;;;;;;;;;;;
;10,03;13,19;9,99;13,15;;;;;;;;;;;;;;
;10,03;13,15;9,99;13,15;;;;;;;;;;;;;;
;10,02;13,15;9,99;13,15;;;;;;;;;;;;;;
;10,02;13,15;9,99;13,15;;;;;;;;;;;;;;
;10;13,13;9,99;13,15;;;;;;;;;;;;;;
;10,01;13,14;9,99;13,15;;;;;;;;;;;;;;
;10,01;13,14;9,99;13,15;;;;;;;;;;;;;;
;10,04;13,15;9,99;13,15;;;;;;;;;;;;;;
2,5;10,03;13,15;9,99;13,15;;;;;;;;;;;;;;
;10,04;13,17;9,99;13,15;;;;;;;;;;;;;;
;10,02;13,17;9,99;13,15;;;;;;;;;;;;;;
;10,03;13,2;9,99;13,15;;;;;;;;;;;;;;
;10,02;13,21;9,99;13,15;;;;;;;;;;;;;;
;10,02;13,22;9,99;13,15;;;;;;;;;;;;;;
;10,03;13,23;9,99;13,15;;;;;;;;;;;;;;
;10,03;13,22;9,99;13,15;;;;;;;;;;;;;;
;10,01;13,22;9,99;13,15;;;;;;;;;;;;;;
;10,01;13,2;9,99;13,15;;;;;;;;;;;;;;
;9,98;13,18;9,99;13,15;;;;;;;;;;;;;;
;9,98;13,19;9,99;13,15;;;;;;;;;;;;;;
;10;13,19;9,99;13,15;;;;;;;;;;;;;;
;9,99;13,17;9,99;13,15;;;;;;;;;;;;;;
;9,97;13,13;9,99;13,15;;;;;;;;;;;;;;
;9,96;13,13;9,99;13,15;;;;;;;;;;;;;;
;9,95;13,11;9,99;13,15;;;;;;;;;;;;;;
;9,95;13,11;9,99;13,15;;;;;;;;;;;;;;
3;9,96;13,14;9,99;13,15;;;;;;;;;;;;;;
;9,97;13,14;9,99;13,15;;;;;;;;;;;;;;
;9,97;13,18;9,99;13,15;;;;;;;;;;;;;;
;9,96;13,18;9,99;13,15;;;;;;;;;;;;;;
;9,98;13,22;9,99;13,15;;;;;;;;;;;;;;
;10;13,22;9,99;13,15;;;;;;;;;;;;;;
;10;13,21;9,99;13,15;;;;;;;;;;;;;;
;10,01;13,21;9,99;13,15;;;;;;;;;;;;;;
;10,01;13,19;9,99;13,15;;;;;;;;;;;;;;
;10,01;13,2;9,99;13,15;;;;;;;;;;;;;;
;10,02;13,21;9,99;13,15;;;;;;;;;;;;;;
;10,03;13,2;9,99;13,15;;;;;;;;;;;;;;
;10,01;13,18;9,99;13,15;;;;;;;;;;;;;;
;9,99;13,15;9,99;13,15;;;;;;;;;;;;;;
;9,96;13,1;9,99;13,15;;;;;;;;;;;;;;
;9,94;13,09;9,99;13,15;;;;;;;;;;;;;;
;9,96;13,15;9,99;13,15;;;;;;;;;;;;;;
;9,95;13,11;9,99;13,15;;;;;;;;;;;;;;
3,5;9,97;13,15;9,99;13,15;;;;;;;;;;;;;;
;9,97;13,14;9,99;13,15;;;;;;;;;;;;;;
;10;13,2;9,99;13,15;;;;;;;;;;;;;;
;10,01;13,2;9,99;13,15;;;;;;;;;;;;;;
;10,04;13,23;9,99;13,15;;;;;;;;;;;;;;
;10,04;13,22;9,99;13,15;;;;;;;;;;;;;;
;10,03;13,2;9,99;13,15;;;;;;;;;;;;;;
;10,03;13,21;9,99;13,15;;;;;;;;;;;;;;
;10,04;13,24;9,99;13,15;;;;;;;;;;;;;;
;10,04;13,24;9,99;13,15;;;;;;;;;;;;;;
;10,01;13,2;9,99;13,15;;;;;;;;;;;;;;
;10;13,2;9,99;13,15;;;;;;;;;;;;;;
;10;13,19;9,99;13,15;;;;;;;;;;;;;;
;10;13,18;9,99;13,15;;;;;;;;;;;;;;
;9,98;13,17;9,99;13,15;;;;;;;;;;;;;;
;9,97;13,13;9,99;13,15;;;;;;;;;;;;;;
;9,98;13,15;9,99;13,15;;;;;;;;;;;;;;
;9,97;13,13;9,99;13,15;;;;;;;;;;;;;;
4;9,98;13,15;9,99;13,15;;;;;;;;;;;;;;
;9,99;13,17;9,99;13,15;;;;;;;;;;;;;;
;9,99;13,17;9,99;13,15;;;;;;;;;;;;;;
;9,98;13,17;9,99;13,15;;;;;;;;;;;;;;
;9,98;13,16;9,99;13,15;;;;;;;;;;;;;;
;9,95;13,12;9,99;13,15;;;;;;;;;;;;;;
;9,95;13,12;9,99;13,15;;;;;;;;;;;;;;
;9,95;13,13;9,99;13,15;;;;;;;;;;;;;;
;9,95;13,11;9,99;13,15;;;;;;;;;;;;;;
;9,98;13,13;9,99;13,15;;;;;;;;;;;;;;
;9,97;13,14;9,99;13,15;;;;;;;;;;;;;;
;9,99;13,14;9,99;13,15;;;;;;;;;;;;;;
;10;13,17;9,99;13,15;;;;;;;;;;;;;;
;10;13,15;9,99;13,15;;;;;;;;;;;;;;
;9,97;13,11;9,99;13,15;;;;;;;;;;;;;;
;9,94;13,08;9,99;13,15;;;;;;;;;;;;;;
;9,95;13,09;9,99;13,15;;;;;;;;;;;;;;
;9,93;13,08;9,99;13,15;;;;;;;;;;;;;;
4,5;9,94;13,11;9,99;13,15;;;;;;;;;;;;;;
;9,93;13,12;9,99;13,15;;;;;;;;;;;;;;
;9,96;13,14;9,99;13,15;;;;;;;;;;;;;;
;9,96;13,12;9,99;13,15;;;;;;;;;;;;;;
;9,96;13,13;9,99;13,15;;;;;;;;;;;;;;
;9,96;13,12;9,99;13,15;;;;;;;;;;;;;;
;9,97;13,15;9,99;13,15;;;;;;;;;;;;;;
;9,98;13,17;9,99;13,15;;;;;;;;;;;;;;
;9,98;13,17;9,99;13,15;;;;;;;;;;;;;;
;9,95;13,16;9,99;13,15;;;;;;;;;;;;;;
;9,96;13,17;9,99;13,15;;;;;;;;;;;;;;
;9,94;13,12;9,99;13,15;;;;;;;;;;;;;;
;9,93;13,09;9,99;13,15;;;;;;;;;;;;;;
;9,93;13,11;9,99;13,15;;;;;;;;;;;;;;
;9,95;13,1;9,99;13,15;;;;;;;;;;;;;;
;9,97;13,15;9,99;13,15;;;;;;;;;;;;;;
;9,97;13,15;9,99;13,15;;;;;;;;;;;;;;
;9,98;13,16;9,99;13,15;;;;;;;;;;;;;;
5;9,97;13,12;9,99;13,15;;;;;;;;;;;;;;
;9,97;13,12;9,99;13,15;;;;;;;;;;;;;;
;9,92;13,04;9,99;13,15;;;;;;;;;;;;;;
;9,95;13,08;9,99;13,15;;;;;;;;;;;;;;
;9,97;13,1;9,99;13,15;;;;;;;;;;;;;;
;9,98;13,1;9,99;13,15;;;;;;;;;;;;;;
;9,97;13,09;9,99;13,15;;;;;;;;;;;;;;
;9,94;13,06;9,99;13,15;;;;;;;;;;;;;;
;9,92;13,04;9,99;13,15;;;;;;;;;;;;;;
;9,94;13,06;9,99;13,15;;;;;;;;;;;;;;
;9,95;13,09;9,99;13,15;;;;;;;;;;;;;;
;9,94;13,09;9,99;13,15;;;;;;;;;;;;;;
;9,94;13,09;9,99;13,15;;;;;;;;;;;;;;
;9,96;13,09;9,99;13,15;;;;;;;;;;;;;;
;9,95;13,1;9,99;13,15;;;;;;;;;;;;;;
;9,96;13,09;9,99;13,15;;;;;;;;;;;;;;
;10;13,1;9,99;13,15;;;;;;;;;;;;;;
;9,98;13,1;9,99;13,15;;;;;;;;;;;;;;
5,5;9,97;13,11;9,99;13,15;;;;;;;;;;;;;;
;10,02;13,17;9,99;13,15;;;;;;;;;;;;;;
;10,01;13,15;9,99;13,15;;;;;;;;;;;;;;
;10,02;13,15;9,99;13,15;;;;;;;;;;;;;;
;10,02;13,16;9,99;13,15;;;;;;;;;;;;;;
;10;13,15;9,99;13,15;;;;;;;;;;;;;;
;9,99;13,15;9,99;13,15;;;;;;;;;;;;;;
;9,95;13,1;9,99;13,15;;;;;;;;;;;;;;
;9,96;13,1;9,99;13,15;;;;;;;;;;;;;;
;9,93;13,05;9,99;13,15;;;;;;;;;;;;;;
;9,95;13,1;9,99;13,15;;;;;;;;;;;;;;
;9,93;13,1;9,99;13,15;;;;;;;;;;;;;;
;9,91;13,08;9,99;13,15;;;;;;;;;;;;;;
;9,92;13,08;9,99;13,15;;;;;;;;;;;;;;
;9,96;13,09;9,99;13,15;;;;;;;;;;;;;;
;9,98;13,14;9,99;13,15;;;;;;;;;;;;;;
;9,99;13,17;9,99;13,15;;;;;;;;;;;;;;
;9,98;13,15;9,99;13,15;;;;;;;;;;;;;;
6;9,95;13,1;9,99;13,15;;;;;;;;;;;;;;
;9,96;13,09;9,99;13,15;;;;;;;;;;;;;;
;9,95;13,1;9,99;13,15;;;;;;;;;;;;;;
;9,97;13,11;9,99;13,15;;;;;;;;;;;;;;
;9,99;13,13;9,99;13,15;;;;;;;;;;;;;;
;9,95;13,06;9,99;13,15;;;;;;;;;;;;;;
;9,97;13,12;9,99;13,15;;;;;;;;;;;;;;
;9,95;13,09;9,99;13,15;;;;;;;;;;;;;;
;9,97;13,12;9,99;13,15;;;;;;;;;;;;;;
;9,96;13,11;9,99;13,15;;;;;;;;;;;;;;
;9,93;13,09;9,99;13,15;;;;;;;;;;;;;;
;9,94;13,09;9,99;13,15;;;;;;;;;;;;;;
;9,96;13,09;9,99;13,15;;;;;;;;;;;;;;
;9,97;13,12;9,99;13,15;;;;;;;;;;;;;;
;9,97;13,13;9,99;13,15;;;;;;;;;;;;;;
;9,99;13,17;9,99;13,15;;;;;;;;;;;;;;
;10,01;13,19;9,99;13,15;;;;;;;;;;;;;;
;10,02;13,19;9,99;13,15;;;;;;;;;;;;;;
6,5;10,02;13,19;9,99;13,15;;;;;;;;;;;;;;
;10,05;13,21;9,99;13,15;;;;;;;;;;;;;;
;10,04;13,18;9,99;13,15;;;;;;;;;;;;;;
;10,04;13,19;9,99;13,15;;;;;;;;;;;;;;
;10,04;13,21;9,99;13,15;;;;;;;;;;;;;;
;10,04;13,19;9,99;13,15;;;;;;;;;;;;;;
;10,05;13,17;9,99;13,15;;;;;;;;;;;;;;
;10,02;13,19;9,99;13,15;;;;;;;;;;;;;;
;10,02;13,19;9,99;13,15;;;;;;;;;;;;;;
;10;13,15;9,99;13,15;;;;;;;;;;;;;;
;9,99;13,13;9,99;13,15;;;;;;;;;;;;;;
;10,02;13,18;9,99;13,15;;;;;;;;;;;;;;
;10,02;13,18;9,99;13,15;;;;;;;;;;;;;;
;10,03;13,21;9,99;13,15;;;;;;;;;;;;;;
;10,04;13,23;9,99;13,15;;;;;;;;;;;;;;
;10,02;13,19;9,99;13,15;;;;;;;;;;;;;;
