Time;FailureMean;FailureMean+Sqrt(Var);AnalyticalMean;AnalyticalMean+sqrt(Var);;;Parameters:;
0;1;1;0;nan;;;EtaF;1000
;93,16;95,64;78,3;127,95;;;BetaF;0.78
;177,76;182,36;155,21;204,86;;;MuR;06.фев
;257,23;263,6;230,75;280,4;;;SigmaR;0.7
;334,51;341,22;304,95;354,61;;;Initial N;10000
;407,8;415,94;377,84;427,49;;;Delta t;0.1
;479,31;489,11;449,43;499,09;;;T (seconds);25200
;548,75;559,39;519,76;569,41;;;Number of experiments;100
;616,52;628,14;588,83;638,49;;;;
;679,91;692,44;656,68;706,34;;;;
;742,67;756,18;723,33;772,99;;;;
;802,64;817,08;788,8;838,45;;;;
;858,26;873,9;853,1;902,75;;;;
;913,48;929,37;916,26;965,92;;;;
;966,08;981,93;978,3;1027,96;;;;
;1015,28;1031,63;1039,25;1088,9;;;;
;1062,5;1078,59;1099,11;1148,76;;;;
;1107,4;1123,7;1157,9;1207,56;;;;
;1149,33;1167,49;1215,66;1265,31;;;;
;1189,18;1208,15;1272,39;1322,04;;;;
;1226,86;1246,52;1328,11;1377,77;;;;
;1263,14;1283,8;1382,85;1432,5;;;;
;1297,94;1319,03;1436,61;1486,27;;;;
;1331,07;1352,77;1489,42;1539,08;;;;
;1362,12;1384,2;1541,3;1590,95;;;;
;1390,95;1413,45;1592,25;1641,91;;;;
;1420,57;1442,16;1642,3;1691,95;;;;
;1448,16;1470,07;1691,46;1741,12;;;;
;1474,82;1496,33;1739,75;1789,41;;;;
;1500,99;1524,16;1787,18;1836,84;;;;
;1525,37;1548,94;1833,77;1883,43;;;;
;1549,03;1573,33;1879,54;1929,19;;;;
;1572,14;1596,59;1924,49;1974,15;;;;
;1593,91;1618,54;1968,65;2018,3;;;;
;1614,39;1638,5;2012,02;2061,67;;;;
;1634,57;1658,54;2054,62;2104,28;;;;
;1654,99;1679,12;2096,47;2146,12;;;;
;1674,45;1699,76;2137,57;2187,23;;;;
;1692,84;1716,72;2177,95;2227,6;;;;
;1711,16;1736,42;2217,61;2267,26;;;;
;1728,35;1755,09;2256,56;2306,22;;;;
;1746,1;1773,64;2294,83;2344,48;;;;
;1763,07;1790,4;2332,41;2382,07;;;;
;1779,75;1807,32;2369,33;2418,98;;;;
;1795,33;1823,57;2405,59;2455,25;;;;
;1811,02;1839,01;2441,21;2490,87;;;;
;1825,99;1855,02;2476,2;2525,86;;;;
;1841,17;1870,3;2510,57;2560,22;;;;
;1856,7;1886,67;2544,33;2593,98;;;;
;1870,55;1901,11;2577,49;2627,14;;;;
;1885,34;1917,21;2610,06;2659,71;;;;
;1899,45;1931,78;2642,05;2691,7;;;;
;1913,25;1945,87;2673,47;2723,13;;;;
;1928,03;1959,4;2704,34;2754;;;;
;1941,75;1973,8;2734,66;2784,32;;;;
;1955,82;1988,15;2764,44;2814,1;;;;
;1970,37;2003,1;2793,7;2843,35;;;;
;1983;2015,96;2822,43;2872,09;;;;
;1996,39;2029,35;2850,66;2900,31;;;;
;2009,87;2043,58;2878,38;2928,04;;;;
;2022,34;2055,98;2905,61;2955,27;;;;
;2035,58;2067,34;2932,36;2982,02;;;;
;2048,17;2080,35;2958,64;3008,29;;;;
;2062,25;2094,82;2984,45;3034,1;;;;
;2074,87;2107,84;3009,8;3059,45;;;;
;2087,29;2120,62;3034,7;3084,35;;;;
;2101,42;2135,44;3059,16;3108,81;;;;
;2113,89;2147,09;3083,18;3132,84;;;;
;2126,3;2160,02;3106,78;3156,44;;;;
;2138,79;2172,69;3129,96;3179,62;;;;
;2150,75;2184,72;3152,73;3202,39;;;;
;2162,73;2197,49;3175,1;3224,75;;;;
;2174,72;2210,1;3197,07;3246,72;;;;
;2186,3;2221,67;3218,65;3268,3;;;;
;2198,82;2234,3;3239,84;3289,5;;;;
;2211,6;2248,13;3260,66;3310,32;;;;
;2223,67;2261,01;3281,11;3330,77;;;;
;2235,38;2273,85;3301,2;3350,85;;;;
;2247,98;2285,71;3320,93;3370,59;;;;
;2259,35;2296,92;3340,31;3389,97;;;;
;2271,86;2310,55;3359,35;3409;;;;
;2283,56;2321,96;3378,05;3427,7;;;;
;2295,71;2333,86;3396,42;3446,07;;;;
;2307,79;2346,42;3414,46;3464,11;;;;
;2319,51;2357,59;3432,18;3481,84;;;;
;2331,31;2369,41;3449,59;3499,24;;;;
;2343,51;2381,4;3466,69;3516,34;;;;
;2355,45;2392,92;3483,48;3533,14;;;;
;2366,68;2404,68;3499,98;3549,64;;;;
;2378,58;2416,79;3516,19;3565,84;;;;
;2390,44;2429,26;3532,1;3581,76;;;;
;2401,62;2439,65;3547,74;3597,39;;;;
;2413,84;2452,13;3563,1;3612,75;;;;
;2425,01;2463,21;3578,18;3627,84;;;;
;2436,27;2474,08;3593;3642,65;;;;
;2447,67;2485,1;3607,55;3657,21;;;;
;2459,54;2496,57;3621,85;3671,51;;;;
;2470,88;2508,72;3635,89;3685,55;;;;
;2481,55;2519,36;3649,69;3699,34;;;;
;2493,64;2532,16;3663,24;3712,89;;;;
;2505,03;2544,47;3676,54;3726,2;;;;
;2515,7;2555,34;3689,62;3739,27;;;;
;2527,82;2567,84;3702,46;3752,11;;;;
;2538,81;2578,21;3715,07;3764,73;;;;
;2549,96;2589,22;3727,46;3777,11;;;;
;2561,1;2601,01;3739,63;3789,28;;;;
;2571,55;2613,44;3751,58;3801,24;;;;
;2582,12;2624,01;3763,32;3812,98;;;;
;2593,25;2634,41;3774,86;3824,51;;;;
;2604,47;2646,15;3786,18;3835,84;;;;
;2615,47;2656,94;3797,31;3846,97;;;;
;2625,85;2666,52;3808,24;3857,9;;;;
;2636,61;2677,82;3818,98;3868,63;;;;
;2646,52;2686,72;3829,52;3879,18;;;;
;2656,98;2697,65;3839,88;3889,54;;;;
;2667,62;2708,64;3850,06;3899,71;;;;
;2678,43;2719,06;3860,05;3909,71;;;;
;2688,93;2730,09;3869,87;3919,52;;;;
;2699,41;2740,79;3879,51;3929,17;;;;
;2709,33;2750,43;3888,98;3938,64;;;;
;2719,02;2759,8;3898,29;3947,94;;;;
;2729,52;2769,7;3907,43;3957,08;;;;
;2739,6;2779,71;3916,4;3966,06;;;;
;2749,69;2789,89;3925,22;3974,87;;;;
;2760,19;2800,53;3933,88;3983,53;;;;
;2770,63;2810,24;3942,39;3992,04;;;;
;2780,83;2820,95;3950,74;4000,4;;;;
;2791,25;2830,93;3958,95;4008,61;;;;
;2801,65;2840,86;3967,01;4016,67;;;;
;2811,45;2850,99;3974,93;4024,59;;;;
;2821,05;2860,14;3982,71;4032,37;;;;
;2830,71;2869,88;3990,35;4040,01;;;;
;2840,09;2879,24;3997,86;4047,51;;;;
;2850,09;2889,81;4005,23;4054,88;;;;
;2859,27;2899,46;4012,47;4062,13;;;;
;2869,16;2908,97;4019,58;4069,24;;;;
;2879,14;2918,93;4026,57;4076,23;;;;
;2888,16;2928,29;4033,43;4083,09;;;;
;2897,79;2937,72;4040,17;4089,83;;;;
;2907,49;2946,61;4046,8;4096,45;;;;
;2916,57;2955,56;4053,3;4102,96;;;;
;2925,82;2964,68;4059,69;4109,34;;;;
;2934,9;2973,87;4065,96;4115,62;;;;
;2944,22;2983,13;4072,13;4121,78;;;;
;2953,27;2992,62;4078,18;4127,84;;;;
;2962,62;3002,41;4084,13;4133,78;;;;
;2970,99;3010,79;4089,97;4139,63;;;;
;2980,61;3020,57;4095,71;4145,36;;;;
;2989,56;3029,13;4101,35;4151;;;;
;2998,18;3037,43;4106,88;4156,54;;;;
;3006,59;3045,84;4112,32;4161,97;;;;
;3014,77;3054,45;4117,66;4167,32;;;;
;3023,99;3063,49;4122,91;4172,56;;;;
;3032,66;3072,49;4128,06;4177,72;;;;
;3041,21;3081,49;4133,12;4182,78;;;;
;3049,4;3089,45;4138,1;4187,75;;;;
;3057,85;3097,99;4142,98;4192,64;;;;
;3066,64;3107,27;4147,78;4197,43;;;;
;3075,19;3115,41;4152,49;4202,15;;;;
;3083,28;3123,45;4157,12;4206,77;;;;
;3091,86;3131,9;4161,67;4211,32;;;;
;3100,33;3141,03;4166,13;4215,79;;;;
;3109,21;3149,95;4170,52;4220,17;;;;
;3117,14;3157,29;4174,83;4224,48;;;;
;3124,36;3164,27;4179,06;4228,72;;;;
;3132,37;3172,72;4183,22;4232,87;;;;
;3140,11;3180,84;4187,3;4236,96;;;;
;3147,78;3188,48;4191,31;4240,97;;;;
;3155,17;3195,72;4195,25;4244,91;;;;
;3163,37;3203,91;4199,12;4248,78;;;;
;3170,93;3211,98;4202,93;4252,58;;;;
;3178,55;3219,39;4206,66;4256,31;;;;
;3186,04;3226,89;4210,33;4259,98;;;;
;3194,04;3234,59;4213,93;4263,58;;;;
;3201,43;3242,42;4217,47;4267,12;;;;
;3208,66;3250,32;4220,95;4270,6;;;;
;3216,37;3257,75;4224,36;4274,01;;;;
;3223,92;3266,11;4227,71;4277,37;;;;
;3231,51;3273,64;4231,01;4280,66;;;;
;3238,35;3280,78;4234,24;4283,9;;;;
0,5;3245,38;3287,95;4237,42;4287,08;;;;
;3252,92;3295,8;4240,54;4290,2;;;;
;3260;3303,02;4243,61;4293,27;;;;
;3266,94;3310,11;4246,62;4296,28;;;;
;3274,21;3317,52;4249,58;4299,24;;;;
;3281,29;3324,31;4252,49;4302,14;;;;
;3288,59;3331,31;4255,34;4305;;;;
;3295,29;3338,06;4258,15;4307,8;;;;
;3302,19;3345;4260,9;4310,56;;;;
;3309,15;3351,84;4263,61;4313,26;;;;
;3315,61;3357,97;4266,27;4315,92;;;;
;3322,74;3364,92;4268,88;4318,53;;;;
;3329,27;3371,77;4271,44;4321,09;;;;
;3336,27;3379,17;4273,96;4323,61;;;;
;3343,2;3386,13;4276,43;4326,09;;;;
;3349,55;3392,29;4278,86;4328,52;;;;
;3355,69;3398,29;4281,25;4330,9;;;;
;3361,88;3404,79;4283,59;4333,25;;;;
;3368,48;3411,41;4285,9;4335,55;;;;
;3375,15;3417,85;4288,16;4337,81;;;;
;3381,24;3423,94;4290,38;4340,04;;;;
;3387,82;3430,3;4292,56;4342,22;;;;
;3393,86;3436,36;4294,71;4344,36;;;;
;3399,93;3442,73;4296,81;4346,47;;;;
;3405,93;3448,41;4298,88;4348,54;;;;
;3412,08;3454,47;4300,91;4350,57;;;;
;3417,72;3459,47;4302,91;4352,56;;;;
;3423,35;3465,31;4304,87;4354,52;;;;
;3429,26;3471,24;4306,8;4356,45;;;;
;3435,34;3477,38;4308,69;4358,34;;;;
;3441,59;3483,57;4310,54;4360,2;;;;
;3447,64;3489,64;4312,37;4362,02;;;;
;3453,65;3495,75;4314,16;4363,82;;;;
;3459,46;3501,25;4315,92;4365,58;;;;
;3465,65;3508,37;4317,65;4367,31;;;;
;3471,27;3514,14;4319,35;4369,01;;;;
;3476,84;3519,93;4321,02;4370,67;;;;
;3482,07;3525,46;4322,66;4372,31;;;;
;3488,1;3531,34;4324,27;4373,92;;;;
;3493,71;3536,8;4325,85;4375,5;;;;
;3499,59;3542,6;4327,4;4377,06;;;;
;3505,18;3548,14;4328,93;4378,58;;;;
;3510,67;3553,51;4330,43;4380,08;;;;
;3515,88;3558,7;4331,9;4381,55;;;;
;3521,16;3563,82;4333,35;4383;;;;
;3526,82;3569,5;4334,77;4384,42;;;;
;3532,08;3574,81;4336,16;4385,82;;;;
;3537,41;3579,99;4337,53;4387,19;;;;
;3542,84;3585,65;4338,88;4388,53;;;;
;3548,06;3590,81;4340,2;4389,85;;;;
;3553,22;3595,82;4341,5;4391,15;;;;
;3558,76;3601,52;4342,77;4392,43;;;;
;3563,76;3606,66;4344,03;4393,68;;;;
;3568,89;3611,72;4345,26;4394,91;;;;
;3574,16;3616,55;4346,47;4396,12;;;;
;3579,35;3621,46;4347,66;4397,31;;;;
;3584,22;3626,24;4348,82;4398,48;;;;
;3588,99;3630,81;4349,97;4399,62;;;;
;3594,03;3636,06;4351,09;4400,75;;;;
;3599,13;3641,35;4352,2;4401,85;;;;
;3603,81;3646,36;4353,28;4402,94;;;;
;3608,76;3650,99;4354,35;4404,01;;;;
;3613,85;3656,2;4355,4;4405,05;;;;
;3618,6;3660,71;4356,43;4406,08;;;;
;3623,35;3665,4;4357,44;4407,09;;;;
;3628,18;3670,27;4358,43;4408,09;;;;
;3632,47;3674,46;4359,41;4409,06;;;;
;3636,47;3678,45;4360,36;4410,02;;;;
;3640,79;3682,91;4361,31;4410,96;;;;
;3645,56;3687,5;4362,23;4411,88;;;;
;3649,9;3691,98;4363,14;4412,79;;;;
;3654,46;3696,78;4364,03;4413,68;;;;
;3658,61;3700,64;4364,91;4414,56;;;;
;3663,06;3705,44;4365,77;4415,42;;;;
;3667,57;3710,28;4366,61;4416,27;;;;
;3672,08;3714,79;4367,44;4417,1;;;;
;3676,5;3719,23;4368,26;4417,91;;;;
;3681;3723,95;4369,06;4418,71;;;;
;3685,15;3728,06;4369,85;4419,5;;;;
;3689,68;3732,52;4370,62;4420,27;;;;
;3693,92;3736,58;4371,38;4421,03;;;;
;3698,22;3741,15;4372,12;4421,78;;;;
;3702,4;3744,98;4372,86;4422,51;;;;
;3706,68;3749,73;4373,57;4423,23;;;;
;3710,85;3754,3;4374,28;4423,94;;;;
;3715,04;3758,47;4374,98;4424,63;;;;
;3718,95;3762,49;4375,66;4425,31;;;;
;3723,42;3767,19;4376,33;4425,98;;;;
;3727,72;3771,66;4376,98;4426,64;;;;
;3731,93;3775,66;4377,63;4427,29;;;;
;3736,01;3779,81;4378,27;4427,92;;;;
;3739,35;3783,57;4378,89;4428,54;;;;
;3742,8;3786,75;4379,5;4429,16;;;;
;3746,5;3790,52;4380,1;4429,76;;;;
;3750,68;3795,17;4380,69;4430,35;;;;
;3754,8;3799,18;4381,27;4430,93;;;;
;3758,72;3803,33;4381,84;4431,5;;;;
;3762,53;3807,13;4382,4;4432,06;;;;
;3766,39;3810,94;4382,95;4432,61;;;;
;3770,08;3814,69;4383,49;4433,15;;;;
;3773,9;3818,55;4384,03;4433,68;;;;
;3777,32;3821,9;4384,55;4434,2;;;;
;3781,15;3825,95;4385,06;4434,71;;;;
;3784,41;3829,34;4385,56;4435,22;;;;
;3788,05;3833,06;4386,06;4435,71;;;;
;3791,63;3836,37;4386,54;4436,2;;;;
;3795,2;3840,12;4387,02;4436,67;;;;
;3798,86;3843,83;4387,49;4437,14;;;;
;3802,32;3846,97;4387,95;4437,6;;;;
;3805,59;3850,43;4388,4;4438,05;;;;
;3809,27;3854,37;4388,84;4438,5;;;;
;3812,9;3857,94;4389,28;4438,93;;;;
;3816,34;3861,41;4389,7;4439,36;;;;
;3819,79;3864,79;4390,13;4439,78;;;;
;3822,89;3867,81;4390,54;4440,19;;;;
;3826,13;3870,77;4390,94;4440,6;;;;
;3829,63;3874,47;4391,34;4441;;;;
;3833,15;3877,86;4391,73;4441,39;;;;
;3836,52;3880,89;4392,12;4441,77;;;;
;3839,65;3884,16;4392,5;4442,15;;;;
;3842,89;3887,51;4392,87;4442,52;;;;
;3846,22;3891,13;4393,23;4442,89;;;;
;3849,5;3894,45;4393,59;4443,24;;;;
;3852,58;3897,54;4393,94;4443,6;;;;
;3855,71;3900,72;4394,29;4443,94;;;;
;3858,82;3903,48;4394,63;4444,28;;;;
;3861,93;3906,45;4394,96;4444,61;;;;
;3865,2;3909,52;4395,29;4444,94;;;;
;3868,31;3912,59;4395,61;4445,26;;;;
;3871,24;3915,46;4395,92;4445,58;;;;
;3874,42;3918,34;4396,23;4445,89;;;;
;3877,23;3921,42;4396,54;4446,19;;;;
;3880,37;3924,19;4396,84;4446,49;;;;
;3883,33;3926,99;4397,13;4446,79;;;;
;3886,34;3929,89;4397,42;4447,08;;;;
;3889,27;3932,77;4397,7;4447,36;;;;
;3891,99;3935,74;4397,98;4447,64;;;;
;3895,03;3938,8;4398,26;4447,91;;;;
;3897,97;3941,52;4398,53;4448,18;;;;
;3900,66;3944,2;4398,79;4448,44;;;;
;3903,5;3947,04;4399,05;4448,7;;;;
;3906,41;3950,06;4399,3;4448,96;;;;
;3909,05;3952,56;4399,55;4449,21;;;;
;3912,12;3955,52;4399,8;4449,45;;;;
;3914,81;3958,19;4400,04;4449,7;;;;
;3917,52;3961;4400,28;4449,93;;;;
;3920,19;3963,57;4400,51;4450,17;;;;
;3922,77;3966,27;4400,74;4450,39;;;;
;3925,26;3969,15;4400,96;4450,62;;;;
;3928,15;3972,27;4401,19;4450,84;;;;
;3931,07;3975,51;4401,4;4451,06;;;;
;3933,68;3978,16;4401,61;4451,27;;;;
;3936,35;3980,78;4401,82;4451,48;;;;
;3939,16;3983,51;4402,03;4451,68;;;;
;3941,63;3986,09;4402,23;4451,89;;;;
;3944,21;3988,38;4402,43;4452,08;;;;
;3946,55;3990,9;4402,62;4452,28;;;;
;3949,16;3993,49;4402,82;4452,47;;;;
;3951,72;3995,96;4403;4452,66;;;;
;3954,43;3998,43;4403,19;4452,84;;;;
;3957,22;4001,06;4403,37;4453,02;;;;
;3959,71;4003,57;4403,55;4453,2;;;;
;3962,03;4005,92;4403,72;4453,38;;;;
;3964,25;4007,88;4403,89;4453,55;;;;
;3966,62;4010,42;4404,06;4453,72;;;;
;3968,99;4012,62;4404,23;4453,88;;;;
;3971,57;4015,2;4404,39;4454,05;;;;
;3974,07;4017,64;4404,55;4454,21;;;;
;3976,53;4020,08;4404,71;4454,36;;;;
;3978,9;4022,71;4404,86;4454,52;;;;
;3981,29;4025,16;4405,01;4454,67;;;;
;3983,6;4027,27;4405,16;4454,82;;;;
;3985,74;4029,51;4405,31;4454,96;;;;
;3987,99;4031,65;4405,45;4455,11;;;;
;3990,33;4034,09;4405,59;4455,25;;;;
;3992,61;4036,63;4405,73;4455,39;;;;
;3994,95;4039,35;4405,87;4455,52;;;;
;3997,15;4041,62;4406;4455,66;;;;
;3999,32;4043,94;4406,13;4455,79;;;;
;4001,38;4045,92;4406,26;4455,92;;;;
1;4003,33;4047,82;4406,39;4456,05;;;;
;4005,5;4049,86;4406,51;4456,17;;;;
;4007,4;4051,87;4406,64;4456,29;;;;
;4009,56;4053,86;4406,76;4456,41;;;;
;4011,58;4055,56;4406,88;4456,53;;;;
;4013,75;4057,5;4406,99;4456,65;;;;
;4015,97;4059,66;4407,1;4456,76;;;;
;4018,13;4061,79;4407,22;4456,87;;;;
;4020,11;4063,84;4407,33;4456,98;;;;
;4022,27;4065,75;4407,43;4457,09;;;;
;4024,28;4067,91;4407,54;4457,2;;;;
;4026,31;4069,81;4407,64;4457,3;;;;
;4028,52;4072,03;4407,75;4457,4;;;;
;4030,68;4074,17;4407,85;4457,5;;;;
;4032,87;4076,39;4407,95;4457,6;;;;
;4034,9;4078,36;4408,04;4457,7;;;;
;4036,98;4080,25;4408,14;4457,79;;;;
;4038,97;4082,22;4408,23;4457,89;;;;
;4040,74;4084,13;4408,32;4457,98;;;;
;4042,69;4086,09;4408,41;4458,07;;;;
;4044,7;4088,21;4408,5;4458,16;;;;
;4046,83;4090,36;4408,59;4458,24;;;;
;4048,5;4092,32;4408,67;4458,33;;;;
;4050,42;4094,21;4408,76;4458,41;;;;
;4052,36;4096,36;4408,84;4458,5;;;;
;4054,17;4098,15;4408,92;4458,58;;;;
;4056,07;4100,02;4409;4458,66;;;;
;4057,68;4102,05;4409,08;4458,73;;;;
;4059,45;4103,86;4409,16;4458,81;;;;
;4061,13;4105,64;4409,23;4458,89;;;;
;4063,11;4107,79;4409,31;4458,96;;;;
;4064,77;4109,51;4409,38;4459,03;;;;
;4066,57;4111,09;4409,45;4459,11;;;;
;4068,37;4113,07;4409,52;4459,18;;;;
;4070,27;4115,2;4409,59;4459,24;;;;
;4071,84;4116,81;4409,66;4459,31;;;;
;4073,68;4118,84;4409,72;4459,38;;;;
;4075,43;4120,62;4409,79;4459,44;;;;
;4077,16;4122,31;4409,85;4459,51;;;;
;4078,76;4124,1;4409,92;4459,57;;;;
;4080,51;4125,93;4409,98;4459,63;;;;
;4082,04;4127,54;4410,04;4459,69;;;;
;4083,67;4129,2;4410,1;4459,75;;;;
;4085,17;4130,58;4410,16;4459,81;;;;
;4086,77;4132,16;4410,22;4459,87;;;;
;4088,3;4133,8;4410,27;4459,93;;;;
;4090,06;4135,75;4410,33;4459,98;;;;
;4091,68;4137,6;4410,38;4460,04;;;;
;4093,36;4139,19;4410,44;4460,09;;;;
;4094,8;4140,57;4410,49;4460,14;;;;
;4096,53;4142,58;4410,54;4460,2;;;;
;4098,13;4144,19;4410,59;4460,25;;;;
;4099,76;4145,88;4410,64;4460,3;;;;
;4101,19;4147,36;4410,69;4460,35;;;;
;4102,69;4148,93;4410,74;4460,39;;;;
;4104,22;4150,6;4410,79;4460,44;;;;
;4105,72;4152,28;4410,83;4460,49;;;;
;4107,3;4153,71;4410,88;4460,53;;;;
;4109,09;4155,52;4410,92;4460,58;;;;
;4110,62;4156,91;4410,97;4460,62;;;;
;4112,22;4158,62;4411,01;4460,67;;;;
;4113,67;4160,09;4411,05;4460,71;;;;
;4115,06;4161,53;4411,09;4460,75;;;;
;4116,45;4163,06;4411,14;4460,79;;;;
;4118,05;4164,73;4411,18;4460,83;;;;
;4119,39;4166,02;4411,22;4460,87;;;;
;4120,86;4167,66;4411,25;4460,91;;;;
;4122,31;4169,21;4411,29;4460,95;;;;
;4123,69;4170,68;4411,33;4460,98;;;;
;4124,96;4171,99;4411,37;4461,02;;;;
;4126,34;4173,21;4411,4;4461,06;;;;
;4127,54;4174,51;4411,44;4461,09;;;;
;4128,9;4175,81;4411,47;4461,13;;;;
;4130,21;4177,04;4411,51;4461,16;;;;
;4131,54;4178,49;4411,54;4461,2;;;;
;4132,82;4179,87;4411,57;4461,23;;;;
;4134,1;4181,04;4411,61;4461,26;;;;
;4135,45;4182,31;4411,64;4461,29;;;;
;4136,71;4183,68;4411,67;4461,33;;;;
;4138,03;4184,79;4411,7;4461,36;;;;
;4139,37;4186,26;4411,73;4461,39;;;;
;4140,9;4187,89;4411,76;4461,42;;;;
;4142,19;4189,12;4411,79;4461,45;;;;
;4143,61;4190,67;4411,82;4461,47;;;;
;4144,71;4191,74;4411,85;4461,5;;;;
;4145,81;4192,9;4411,88;4461,53;;;;
;4147,14;4194,28;4411,9;4461,56;;;;
;4148,36;4195,5;4411,93;4461,58;;;;
;4149,59;4196,81;4411,96;4461,61;;;;
;4150,77;4198,01;4411,98;4461,64;;;;
;4152,16;4199,5;4412,01;4461,66;;;;
;4153,21;4200,48;4412,03;4461,69;;;;
;4154,69;4202,06;4412,06;4461,71;;;;
;4155,85;4203,32;4412,08;4461,73;;;;
;4156,93;4204,32;4412,1;4461,76;;;;
;4158,07;4205,4;4412,13;4461,78;;;;
;4159,33;4206,71;4412,15;4461,8;;;;
;4160,63;4207,9;4412,17;4461,83;;;;
;4161,98;4209,4;4412,19;4461,85;;;;
;4163,07;4210,35;4412,22;4461,87;;;;
;4164,43;4211,69;4412,24;4461,89;;;;
;4165,65;4213,18;4412,26;4461,91;;;;
;4166,77;4214,4;4412,28;4461,93;;;;
;4167,77;4215,31;4412,3;4461,95;;;;
;4168,91;4216,29;4412,32;4461,97;;;;
;4170,04;4217,37;4412,34;4461,99;;;;
;4171,34;4218,96;4412,36;4462,01;;;;
;4172,63;4220,31;4412,37;4462,03;;;;
;4173,7;4221,25;4412,39;4462,05;;;;
;4174,71;4222,33;4412,41;4462,07;;;;
;4175,8;4223,52;4412,43;4462,08;;;;
;4177,01;4224,79;4412,45;4462,1;;;;
;4178,02;4225,94;4412,46;4462,12;;;;
;4179,06;4226,99;4412,48;4462,13;;;;
;4180,12;4228,14;4412,5;4462,15;;;;
;4181,08;4228,91;4412,51;4462,17;;;;
;4182,08;4229,87;4412,53;4462,18;;;;
;4183,2;4230,96;4412,54;4462,2;;;;
;4184,15;4231,99;4412,56;4462,21;;;;
;4185,18;4233,09;4412,57;4462,23;;;;
;4186,26;4234,28;4412,59;4462,24;;;;
;4187,3;4235,36;4412,6;4462,26;;;;
;4188,45;4236,66;4412,62;4462,27;;;;
;4189,49;4237,72;4412,63;4462,29;;;;
;4190,45;4238,7;4412,65;4462,3;;;;
;4191,62;4240,02;4412,66;4462,31;;;;
;4192,65;4241,02;4412,67;4462,33;;;;
;4193,56;4241,81;4412,69;4462,34;;;;
;4194,6;4242,81;4412,7;4462,35;;;;
;4195,56;4243,91;4412,71;4462,37;;;;
;4196,52;4244,85;4412,72;4462,38;;;;
;4197,49;4245,61;4412,74;4462,39;;;;
;4198,51;4246,49;4412,75;4462,4;;;;
;4199,37;4247,27;4412,76;4462,41;;;;
;4200,28;4248,15;4412,77;4462,43;;;;
;4201,28;4249,19;4412,78;4462,44;;;;
;4202,14;4250,13;4412,79;4462,45;;;;
;4202,95;4251;4412,8;4462,46;;;;
;4203,95;4252,04;4412,81;4462,47;;;;
;4204,72;4252,78;4412,82;4462,48;;;;
;4205,57;4253,65;4412,84;4462,49;;;;
;4206,51;4254,52;4412,85;4462,5;;;;
;4207,41;4255,28;4412,86;4462,51;;;;
;4208,28;4256,14;4412,87;4462,52;;;;
;4209,27;4257,11;4412,87;4462,53;;;;
;4210,15;4257,95;4412,88;4462,54;;;;
;4210,94;4258,84;4412,89;4462,55;;;;
;4211,96;4260,02;4412,9;4462,56;;;;
;4212,83;4260,89;4412,91;4462,57;;;;
;4213,62;4261,71;4412,92;4462,58;;;;
;4214,6;4262,84;4412,93;4462,58;;;;
;4215,62;4263,69;4412,94;4462,59;;;;
;4216,48;4264,55;4412,95;4462,6;;;;
;4217,29;4265,41;4412,95;4462,61;;;;
;4218,21;4266,31;4412,96;4462,62;;;;
;4218,92;4266,96;4412,97;4462,62;;;;
;4219,73;4267,71;4412,98;4462,63;;;;
;4220,59;4268,51;4412,99;4462,64;;;;
;4221,44;4269,42;4412,99;4462,65;;;;
;4222,12;4270,09;4413;4462,66;;;;
;4222,87;4270,88;4413,01;4462,66;;;;
;4223,72;4271,81;4413,01;4462,67;;;;
;4224,57;4272,71;4413,02;4462,68;;;;
;4225,29;4273,6;4413,03;4462,68;;;;
;4225,99;4274,27;4413,04;4462,69;;;;
;4226,86;4275,07;4413,04;4462,7;;;;
;4227,59;4275,96;4413,05;4462,7;;;;
;4228,4;4276,94;4413,05;4462,71;;;;
;4229,21;4277,71;4413,06;4462,72;;;;
;4230,02;4278,53;4413,07;4462,72;;;;
;4230,8;4279,34;4413,07;4462,73;;;;
;4231,52;4280,09;4413,08;4462,73;;;;
;4232,29;4280,92;4413,08;4462,74;;;;
;4233,07;4281,55;4413,09;4462,75;;;;
;4233,89;4282,29;4413,1;4462,75;;;;
;4234,54;4282,85;4413,1;4462,76;;;;
;4235,24;4283,64;4413,11;4462,76;;;;
;4235,85;4284,35;4413,11;4462,77;;;;
;4236,66;4285,26;4413,12;4462,77;;;;
;4237,49;4286,02;4413,12;4462,78;;;;
1,5;4238,04;4286,64;4413,13;4462,78;;;;
;4238,79;4287,28;4413,13;4462,79;;;;
;4239,58;4288,23;4413,14;4462,79;;;;
;4240,19;4288,91;4413,14;4462,8;;;;
;4240,97;4289,74;4413,15;4462,8;;;;
;4241,83;4290,72;4413,15;4462,81;;;;
;4242,41;4291,3;4413,16;4462,81;;;;
;4243,1;4292,03;4413,16;4462,82;;;;
;4243,81;4292,87;4413,17;4462,82;;;;
;4244,5;4293,61;4413,17;4462,82;;;;
;4245,16;4294,36;4413,17;4462,83;;;;
;4245,95;4295,15;4413,18;4462,83;;;;
;4246,64;4295,76;4413,18;4462,84;;;;
;4247,37;4296,42;4413,19;4462,84;;;;
;4247,95;4296,93;4413,19;4462,84;;;;
;4248,64;4297,65;4413,19;4462,85;;;;
;4249,36;4298,28;4413,2;4462,85;;;;
;4249,94;4298,98;4413,2;4462,86;;;;
;4250,65;4299,64;4413,21;4462,86;;;;
;4251,38;4300,26;4413,21;4462,86;;;;
;4251,95;4300,81;4413,21;4462,87;;;;
;4252,53;4301,31;4413,22;4462,87;;;;
;4253,17;4301,87;4413,22;4462,87;;;;
;4253,9;4302,59;4413,22;4462,88;;;;
;4254,54;4303;4413,23;4462,88;;;;
;4255,14;4303,59;4413,23;4462,88;;;;
;4255,74;4304,24;4413,23;4462,89;;;;
;4256,42;4304,94;4413,24;4462,89;;;;
;4257,11;4305,64;4413,24;4462,89;;;;
;4257,81;4306,26;4413,24;4462,9;;;;
;4258,5;4306,95;4413,24;4462,9;;;;
;4259,01;4307,44;4413,25;4462,9;;;;
;4259,72;4308,28;4413,25;4462,9;;;;
;4260,22;4308,91;4413,25;4462,91;;;;
;4260,77;4309,47;4413,26;4462,91;;;;
;4261,32;4309,96;4413,26;4462,91;;;;
;4261,88;4310,5;4413,26;4462,92;;;;
;4262,49;4311,14;4413,26;4462,92;;;;
;4263,07;4311,65;4413,27;4462,92;;;;
;4263,62;4312,27;4413,27;4462,92;;;;
;4264,14;4312,72;4413,27;4462,93;;;;
;4264,66;4313,19;4413,27;4462,93;;;;
;4265,19;4313,72;4413,28;4462,93;;;;
;4265,87;4314,33;4413,28;4462,93;;;;
;4266,35;4314,77;4413,28;4462,94;;;;
;4266,81;4315,22;4413,28;4462,94;;;;
;4267,46;4315,94;4413,28;4462,94;;;;
;4268,03;4316,6;4413,29;4462,94;;;;
;4268,59;4317,07;4413,29;4462,94;;;;
;4269,17;4317,64;4413,29;4462,95;;;;
;4269,71;4318,06;4413,29;4462,95;;;;
;4270,27;4318,53;4413,3;4462,95;;;;
;4270,83;4319,13;4413,3;4462,95;;;;
;4271,39;4319,73;4413,3;4462,95;;;;
;4271,84;4320,18;4413,3;4462,96;;;;
;4272,45;4320,84;4413,3;4462,96;;;;
;4273;4321,41;4413,31;4462,96;;;;
;4273,52;4321,95;4413,31;4462,96;;;;
;4274,07;4322,5;4413,31;4462,96;;;;
;4274,57;4323,04;4413,31;4462,97;;;;
;4275,02;4323,53;4413,31;4462,97;;;;
;4275,44;4324,02;4413,31;4462,97;;;;
;4275,9;4324,48;4413,32;4462,97;;;;
;4276,36;4324,88;4413,32;4462,97;;;;
;4276,77;4325,38;4413,32;4462,97;;;;
;4277,16;4325,8;4413,32;4462,98;;;;
;4277,65;4326,31;4413,32;4462,98;;;;
;4278,13;4326,74;4413,32;4462,98;;;;
;4278,71;4327,17;4413,32;4462,98;;;;
;4278,98;4327,44;4413,33;4462,98;;;;
;4279,46;4327,93;4413,33;4462,98;;;;
;4279,94;4328,38;4413,33;4462,98;;;;
;4280,41;4328,84;4413,33;4462,99;;;;
;4280,95;4329,54;4413,33;4462,99;;;;
;4281,37;4329,99;4413,33;4462,99;;;;
;4281,77;4330,39;4413,33;4462,99;;;;
;4282,25;4330,89;4413,34;4462,99;;;;
;4282,68;4331,35;4413,34;4462,99;;;;
;4283,12;4331,84;4413,34;4462,99;;;;
;4283,53;4332,4;4413,34;4462,99;;;;
;4284;4332,83;4413,34;4463;;;;
;4284,54;4333,4;4413,34;4463;;;;
;4285,07;4333,81;4413,34;4463;;;;
;4285,56;4334,3;4413,34;4463;;;;
;4285,97;4334,72;4413,35;4463;;;;
;4286,35;4335,13;4413,35;4463;;;;
;4286,65;4335,37;4413,35;4463;;;;
;4287,13;4335,85;4413,35;4463;;;;
;4287,44;4336,17;4413,35;4463;;;;
;4287,89;4336,71;4413,35;4463,01;;;;
;4288,33;4337,03;4413,35;4463,01;;;;
;4288,81;4337,38;4413,35;4463,01;;;;
;4289,05;4337,66;4413,35;4463,01;;;;
;4289,45;4338,01;4413,35;4463,01;;;;
;4289,79;4338,4;4413,36;4463,01;;;;
;4290,23;4338,97;4413,36;4463,01;;;;
;4290,61;4339,24;4413,36;4463,01;;;;
;4290,96;4339,59;4413,36;4463,01;;;;
;4291,52;4340,04;4413,36;4463,01;;;;
;4291,92;4340,42;4413,36;4463,01;;;;
;4292,25;4340,75;4413,36;4463,02;;;;
;4292,61;4341,12;4413,36;4463,02;;;;
;4292,94;4341,55;4413,36;4463,02;;;;
;4293,38;4341,99;4413,36;4463,02;;;;
;4293,7;4342,34;4413,36;4463,02;;;;
;4294,24;4342,96;4413,37;4463,02;;;;
;4294,68;4343,37;4413,37;4463,02;;;;
;4295,13;4343,79;4413,37;4463,02;;;;
;4295,54;4344,19;4413,37;4463,02;;;;
;4295,9;4344,58;4413,37;4463,02;;;;
;4296,18;4344,85;4413,37;4463,02;;;;
;4296,68;4345,47;4413,37;4463,02;;;;
;4297,06;4345,92;4413,37;4463,02;;;;
;4297,36;4346,38;4413,37;4463,03;;;;
;4297,76;4346,87;4413,37;4463,03;;;;
;4298,2;4347,35;4413,37;4463,03;;;;
;4298,62;4347,89;4413,37;4463,03;;;;
;4299,05;4348,3;4413,37;4463,03;;;;
;4299,38;4348,63;4413,37;4463,03;;;;
;4299,74;4349,04;4413,37;4463,03;;;;
;4300,06;4349,4;4413,38;4463,03;;;;
;4300,43;4349,77;4413,38;4463,03;;;;
;4300,75;4350;4413,38;4463,03;;;;
;4301,16;4350,43;4413,38;4463,03;;;;
;4301,59;4350,86;4413,38;4463,03;;;;
;4302;4351,27;4413,38;4463,03;;;;
;4302,37;4351,64;4413,38;4463,03;;;;
;4302,73;4352,03;4413,38;4463,03;;;;
;4303,13;4352,34;4413,38;4463,03;;;;
;4303,4;4352,66;4413,38;4463,03;;;;
;4303,64;4352,85;4413,38;4463,04;;;;
;4303,89;4353,07;4413,38;4463,04;;;;
;4304,15;4353,22;4413,38;4463,04;;;;
;4304,57;4353,76;4413,38;4463,04;;;;
;4305,01;4354,28;4413,38;4463,04;;;;
;4305,3;4354,63;4413,38;4463,04;;;;
;4305,61;4354,9;4413,38;4463,04;;;;
;4306,04;4355,3;4413,38;4463,04;;;;
;4306,3;4355,54;4413,38;4463,04;;;;
;4306,65;4355,93;4413,38;4463,04;;;;
;4306,96;4356,22;4413,38;4463,04;;;;
;4307,31;4356,52;4413,39;4463,04;;;;
;4307,83;4357,01;4413,39;4463,04;;;;
;4308,19;4357,37;4413,39;4463,04;;;;
;4308,48;4357,58;4413,39;4463,04;;;;
;4308,81;4357,96;4413,39;4463,04;;;;
;4309,22;4358,33;4413,39;4463,04;;;;
;4309,54;4358,65;4413,39;4463,04;;;;
;4309,81;4358,86;4413,39;4463,04;;;;
;4310,21;4359,24;4413,39;4463,04;;;;
;4310,45;4359,4;4413,39;4463,04;;;;
;4310,74;4359,76;4413,39;4463,04;;;;
;4311;4360,07;4413,39;4463,04;;;;
;4311,33;4360,39;4413,39;4463,04;;;;
;4311,65;4360,63;4413,39;4463,04;;;;
;4311,99;4360,95;4413,39;4463,05;;;;
;4312,3;4361,22;4413,39;4463,05;;;;
;4312,64;4361,51;4413,39;4463,05;;;;
;4312,91;4361,71;4413,39;4463,05;;;;
;4313,2;4361,95;4413,39;4463,05;;;;
;4313,45;4362,2;4413,39;4463,05;;;;
;4313,73;4362,48;4413,39;4463,05;;;;
;4314,08;4362,84;4413,39;4463,05;;;;
;4314,35;4363,01;4413,39;4463,05;;;;
;4314,74;4363,37;4413,39;4463,05;;;;
;4315,1;4363,75;4413,39;4463,05;;;;
;4315,33;4363,93;4413,39;4463,05;;;;
;4315,65;4364,18;4413,39;4463,05;;;;
;4315,81;4364,36;4413,39;4463,05;;;;
;4316,03;4364,6;4413,39;4463,05;;;;
;4316,22;4364,77;4413,39;4463,05;;;;
;4316,6;4365,19;4413,39;4463,05;;;;
;4316,82;4365,42;4413,39;4463,05;;;;
;4317,08;4365,76;4413,4;4463,05;;;;
;4317,54;4366,1;4413,4;4463,05;;;;
;4317,89;4366,36;4413,4;4463,05;;;;
;4318,18;4366,6;4413,4;4463,05;;;;
;4318,37;4366,75;4413,4;4463,05;;;;
;4318,63;4367,1;4413,4;4463,05;;;;
;4318,88;4367,35;4413,4;4463,05;;;;
2;4319,24;4367,7;4413,4;4463,05;;;;
;4319,5;4367,94;4413,4;4463,05;;;;
;4319,68;4368,19;4413,4;4463,05;;;;
;4320,03;4368,45;4413,4;4463,05;;;;
;4320,25;4368,64;4413,4;4463,05;;;;
;4320,52;4368,95;4413,4;4463,05;;;;
;4320,77;4369,22;4413,4;4463,05;;;;
;4321,01;4369,43;4413,4;4463,05;;;;
;4321,2;4369,56;4413,4;4463,05;;;;
;4321,4;4369,73;4413,4;4463,05;;;;
;4321,61;4369,99;4413,4;4463,05;;;;
;4321,84;4370,26;4413,4;4463,05;;;;
;4322,09;4370,48;4413,4;4463,05;;;;
;4322,23;4370,6;4413,4;4463,05;;;;
;4322,4;4370,78;4413,4;4463,05;;;;
;4322,61;4370,95;4413,4;4463,05;;;;
;4322,83;4371,11;4413,4;4463,05;;;;
;4323,1;4371,43;4413,4;4463,05;;;;
;4323,3;4371,61;4413,4;4463,05;;;;
;4323,6;4371,85;4413,4;4463,05;;;;
;4323,88;4372,07;4413,4;4463,05;;;;
;4324,07;4372,3;4413,4;4463,05;;;;
;4324,32;4372,66;4413,4;4463,06;;;;
;4324,63;4373,01;4413,4;4463,06;;;;
;4324,96;4373,37;4413,4;4463,06;;;;
;4325,2;4373,64;4413,4;4463,06;;;;
;4325,53;4374,03;4413,4;4463,06;;;;
;4325,82;4374,26;4413,4;4463,06;;;;
;4326,09;4374,51;4413,4;4463,06;;;;
;4326,34;4374,86;4413,4;4463,06;;;;
;4326,58;4375,08;4413,4;4463,06;;;;
;4326,78;4375,23;4413,4;4463,06;;;;
;4327,05;4375,51;4413,4;4463,06;;;;
;4327,37;4375,8;4413,4;4463,06;;;;
;4327,58;4376,1;4413,4;4463,06;;;;
;4327,76;4376,27;4413,4;4463,06;;;;
;4327,96;4376,43;4413,4;4463,06;;;;
;4328,21;4376,66;4413,4;4463,06;;;;
;4328,42;4376,97;4413,4;4463,06;;;;
;4328,61;4377,2;4413,4;4463,06;;;;
;4328,86;4377,51;4413,4;4463,06;;;;
;4329,07;4377,74;4413,4;4463,06;;;;
;4329,3;4377,94;4413,4;4463,06;;;;
;4329,51;4378,11;4413,4;4463,06;;;;
;4329,79;4378,34;4413,4;4463,06;;;;
;4330,06;4378,55;4413,4;4463,06;;;;
;4330,26;4378,73;4413,4;4463,06;;;;
;4330,4;4378,81;4413,4;4463,06;;;;
;4330,62;4379,07;4413,4;4463,06;;;;
;4330,75;4379,25;4413,4;4463,06;;;;
;4331,04;4379,49;4413,4;4463,06;;;;
;4331,23;4379,7;4413,4;4463,06;;;;
;4331,49;4379,99;4413,4;4463,06;;;;
;4331,69;4380,17;4413,4;4463,06;;;;
;4331,79;4380,26;4413,4;4463,06;;;;
;4331,96;4380,39;4413,4;4463,06;;;;
;4332,19;4380,56;4413,4;4463,06;;;;
;4332,32;4380,68;4413,4;4463,06;;;;
;4332,49;4380,88;4413,4;4463,06;;;;
;4332,61;4380,93;4413,4;4463,06;;;;
;4332,76;4381,11;4413,4;4463,06;;;;
;4332,92;4381,2;4413,4;4463,06;;;;
;4333,15;4381,47;4413,4;4463,06;;;;
;4333,26;4381,62;4413,4;4463,06;;;;
;4333,39;4381,77;4413,4;4463,06;;;;
;4333,59;4381,9;4413,4;4463,06;;;;
;4333,71;4382;4413,4;4463,06;;;;
;4333,89;4382,23;4413,4;4463,06;;;;
;4334,05;4382,47;4413,4;4463,06;;;;
;4334,2;4382,6;4413,4;4463,06;;;;
;4334,44;4382,94;4413,4;4463,06;;;;
;4334,62;4383,12;4413,4;4463,06;;;;
;4334,79;4383,29;4413,4;4463,06;;;;
;4334,98;4383,52;4413,4;4463,06;;;;
;4335,17;4383,69;4413,4;4463,06;;;;
;4335,37;4383,91;4413,4;4463,06;;;;
;4335,54;4384,04;4413,4;4463,06;;;;
;4335,66;4384,2;4413,41;4463,06;;;;
;4335,79;4384,3;4413,41;4463,06;;;;
;4335,92;4384,42;4413,41;4463,06;;;;
;4336,15;4384,68;4413,41;4463,06;;;;
;4336,31;4384,83;4413,41;4463,06;;;;
;4336,43;4385,01;4413,41;4463,06;;;;
;4336,5;4385,04;4413,41;4463,06;;;;
;4336,69;4385,28;4413,41;4463,06;;;;
;4336,86;4385,49;4413,41;4463,06;;;;
;4336,95;4385,58;4413,41;4463,06;;;;
;4337,07;4385,68;4413,41;4463,06;;;;
;4337,28;4385,82;4413,41;4463,06;;;;
;4337,42;4385,98;4413,41;4463,06;;;;
;4337,58;4386,17;4413,41;4463,06;;;;
;4337,79;4386,48;4413,41;4463,06;;;;
;4337,99;4386,65;4413,41;4463,06;;;;
;4338,18;4386,8;4413,41;4463,06;;;;
;4338,39;4387,02;4413,41;4463,06;;;;
;4338,51;4387,1;4413,41;4463,06;;;;
;4338,73;4387,41;4413,41;4463,06;;;;
;4338,92;4387,58;4413,41;4463,06;;;;
;4339,06;4387,71;4413,41;4463,06;;;;
;4339,25;4387,9;4413,41;4463,06;;;;
;4339,49;4388,09;4413,41;4463,06;;;;
;4339,69;4388,26;4413,41;4463,06;;;;
;4339,9;4388,5;4413,41;4463,06;;;;
;4340,04;4388,62;4413,41;4463,06;;;;
;4340,2;4388,75;4413,41;4463,06;;;;
;4340,36;4388,84;4413,41;4463,06;;;;
;4340,47;4388,96;4413,41;4463,06;;;;
;4340,56;4389,04;4413,41;4463,06;;;;
;4340,7;4389,09;4413,41;4463,06;;;;
;4340,88;4389,26;4413,41;4463,06;;;;
;4340,98;4389,42;4413,41;4463,06;;;;
;4341,15;4389,58;4413,41;4463,06;;;;
;4341,29;4389,73;4413,41;4463,06;;;;
;4341,44;4389,85;4413,41;4463,06;;;;
;4341,57;4389,96;4413,41;4463,06;;;;
;4341,72;4390,08;4413,41;4463,06;;;;
;4341,84;4390,16;4413,41;4463,06;;;;
;4342,01;4390,32;4413,41;4463,06;;;;
;4342,12;4390,4;4413,41;4463,06;;;;
;4342,3;4390,52;4413,41;4463,06;;;;
;4342,48;4390,68;4413,41;4463,06;;;;
;4342,61;4390,82;4413,41;4463,06;;;;
;4342,71;4390,93;4413,41;4463,06;;;;
;4342,91;4391,11;4413,41;4463,06;;;;
;4343,05;4391,3;4413,41;4463,06;;;;
;4343,21;4391,47;4413,41;4463,06;;;;
;4343,35;4391,62;4413,41;4463,06;;;;
;4343,47;4391,69;4413,41;4463,06;;;;
;4343,61;4391,81;4413,41;4463,06;;;;
;4343,73;4391,97;4413,41;4463,06;;;;
;4343,86;4392,11;4413,41;4463,06;;;;
;4343,98;4392,21;4413,41;4463,06;;;;
;4344,12;4392,34;4413,41;4463,06;;;;
;4344,25;4392,49;4413,41;4463,06;;;;
;4344,39;4392,62;4413,41;4463,06;;;;
;4344,49;4392,76;4413,41;4463,06;;;;
;4344,6;4392,84;4413,41;4463,06;;;;
;4344,71;4392,95;4413,41;4463,06;;;;
;4344,9;4393,08;4413,41;4463,06;;;;
;4345,04;4393,25;4413,41;4463,06;;;;
;4345,21;4393,38;4413,41;4463,06;;;;
;4345,36;4393,52;4413,41;4463,06;;;;
;4345,47;4393,69;4413,41;4463,06;;;;
;4345,62;4393,84;4413,41;4463,06;;;;
;4345,77;4394,02;4413,41;4463,06;;;;
;4345,87;4394,17;4413,41;4463,06;;;;
;4345,93;4394,24;4413,41;4463,06;;;;
;4346,03;4394,35;4413,41;4463,06;;;;
;4346,12;4394,44;4413,41;4463,06;;;;
;4346,24;4394,53;4413,41;4463,06;;;;
;4346,35;4394,56;4413,41;4463,06;;;;
;4346,43;4394,65;4413,41;4463,06;;;;
;4346,6;4394,78;4413,41;4463,06;;;;
;4346,74;4394,95;4413,41;4463,06;;;;
;4346,91;4395,15;4413,41;4463,06;;;;
;4347,01;4395,25;4413,41;4463,06;;;;
;4347,08;4395,33;4413,41;4463,06;;;;
;4347,21;4395,56;4413,41;4463,06;;;;
;4347,3;4395,71;4413,41;4463,06;;;;
;4347,45;4395,8;4413,41;4463,06;;;;
;4347,64;4396,04;4413,41;4463,06;;;;
;4347,77;4396,2;4413,41;4463,06;;;;
;4347,88;4396,3;4413,41;4463,06;;;;
;4347,98;4396,41;4413,41;4463,06;;;;
;4348,12;4396,59;4413,41;4463,06;;;;
;4348,21;4396,69;4413,41;4463,06;;;;
;4348,26;4396,72;4413,41;4463,06;;;;
;4348,36;4396,85;4413,41;4463,06;;;;
;4348,47;4396,97;4413,41;4463,06;;;;
;4348,54;4397,02;4413,41;4463,06;;;;
;4348,67;4397,17;4413,41;4463,06;;;;
;4348,75;4397,25;4413,41;4463,06;;;;
;4348,84;4397,36;4413,41;4463,06;;;;
;4348,94;4397,45;4413,41;4463,06;;;;
;4349,02;4397,49;4413,41;4463,06;;;;
;4349,17;4397,63;4413,41;4463,06;;;;
;4349,22;4397,66;4413,41;4463,06;;;;
;4349,32;4397,79;4413,41;4463,06;;;;
;4349,38;4397,86;4413,41;4463,06;;;;
;4349,53;4398,01;4413,41;4463,06;;;;
2,5;4349,64;4398,16;4413,41;4463,06;;;;
;4349,73;4398,22;4413,41;4463,06;;;;
;4349,83;4398,24;4413,41;4463,06;;;;
;4349,95;4398,36;4413,41;4463,06;;;;
;4350,03;4398,44;4413,41;4463,06;;;;
;4350,12;4398,5;4413,41;4463,06;;;;
;4350,22;4398,64;4413,41;4463,06;;;;
;4350,34;4398,77;4413,41;4463,06;;;;
;4350,4;4398,82;4413,41;4463,06;;;;
;4350,46;4398,87;4413,41;4463,06;;;;
;4350,57;4399,03;4413,41;4463,06;;;;
;4350,64;4399,09;4413,41;4463,06;;;;
;4350,74;4399,21;4413,41;4463,06;;;;
;4350,91;4399,37;4413,41;4463,06;;;;
;4350,96;4399,4;4413,41;4463,06;;;;
;4351,08;4399,53;4413,41;4463,06;;;;
;4351,16;4399,63;4413,41;4463,06;;;;
;4351,27;4399,78;4413,41;4463,06;;;;
;4351,32;4399,83;4413,41;4463,06;;;;
;4351,39;4399,86;4413,41;4463,06;;;;
;4351,47;4399,91;4413,41;4463,06;;;;
;4351,52;4399,97;4413,41;4463,06;;;;
;4351,63;4400,06;4413,41;4463,06;;;;
;4351,66;4400,11;4413,41;4463,06;;;;
;4351,81;4400,23;4413,41;4463,06;;;;
;4351,89;4400,28;4413,41;4463,06;;;;
;4351,92;4400,3;4413,41;4463,06;;;;
;4352;4400,36;4413,41;4463,06;;;;
;4352,1;4400,49;4413,41;4463,06;;;;
;4352,2;4400,59;4413,41;4463,06;;;;
;4352,24;4400,6;4413,41;4463,06;;;;
;4352,31;4400,7;4413,41;4463,06;;;;
;4352,38;4400,74;4413,41;4463,06;;;;
;4352,51;4400,87;4413,41;4463,06;;;;
;4352,63;4401,02;4413,41;4463,06;;;;
;4352,7;4401,07;4413,41;4463,06;;;;
;4352,76;4401,09;4413,41;4463,06;;;;
;4352,91;4401,2;4413,41;4463,06;;;;
;4353,02;4401,31;4413,41;4463,06;;;;
;4353,15;4401,49;4413,41;4463,06;;;;
;4353,2;4401,53;4413,41;4463,06;;;;
;4353,3;4401,68;4413,41;4463,06;;;;
;4353,39;4401,8;4413,41;4463,06;;;;
;4353,52;4401,93;4413,41;4463,06;;;;
;4353,59;4402,02;4413,41;4463,06;;;;
;4353,65;4402,08;4413,41;4463,06;;;;
;4353,72;4402,17;4413,41;4463,06;;;;
;4353,78;4402,23;4413,41;4463,06;;;;
;4353,87;4402,29;4413,41;4463,06;;;;
;4353,94;4402,37;4413,41;4463,06;;;;
;4353,98;4402,38;4413,41;4463,06;;;;
;4354;4402,41;4413,41;4463,06;;;;
;4354,05;4402,45;4413,41;4463,06;;;;
;4354,1;4402,51;4413,41;4463,06;;;;
;4354,19;4402,59;4413,41;4463,06;;;;
;4354,29;4402,73;4413,41;4463,06;;;;
;4354,38;4402,79;4413,41;4463,06;;;;
;4354,42;4402,88;4413,41;4463,06;;;;
;4354,51;4402,97;4413,41;4463,06;;;;
;4354,58;4403,04;4413,41;4463,06;;;;
;4354,65;4403,06;4413,41;4463,06;;;;
;4354,75;4403,22;4413,41;4463,06;;;;
;4354,86;4403,3;4413,41;4463,06;;;;
;4354,91;4403,34;4413,41;4463,06;;;;
;4355,01;4403,49;4413,41;4463,06;;;;
;4355,11;4403,58;4413,41;4463,06;;;;
;4355,15;4403,61;4413,41;4463,06;;;;
;4355,16;4403,62;4413,41;4463,06;;;;
;4355,28;4403,73;4413,41;4463,06;;;;
;4355,37;4403,8;4413,41;4463,06;;;;
;4355,43;4403,86;4413,41;4463,06;;;;
;4355,45;4403,88;4413,41;4463,06;;;;
;4355,51;4403,91;4413,41;4463,06;;;;
;4355,57;4403,96;4413,41;4463,06;;;;
;4355,65;4404,05;4413,41;4463,06;;;;
;4355,77;4404,19;4413,41;4463,06;;;;
;4355,83;4404,27;4413,41;4463,06;;;;
;4355,89;4404,34;4413,41;4463,06;;;;
;4355,95;4404,4;4413,41;4463,06;;;;
;4356,02;4404,43;4413,41;4463,06;;;;
;4356,11;4404,53;4413,41;4463,06;;;;
;4356,19;4404,58;4413,41;4463,06;;;;
;4356,31;4404,67;4413,41;4463,06;;;;
;4356,38;4404,71;4413,41;4463,06;;;;
;4356,47;4404,86;4413,41;4463,06;;;;
;4356,55;4404,95;4413,41;4463,06;;;;
;4356,6;4405,02;4413,41;4463,06;;;;
;4356,72;4405,17;4413,41;4463,06;;;;
;4356,8;4405,26;4413,41;4463,06;;;;
;4356,91;4405,41;4413,41;4463,06;;;;
;4356,98;4405,46;4413,41;4463,06;;;;
;4357,01;4405,49;4413,41;4463,06;;;;
;4357,07;4405,56;4413,41;4463,06;;;;
;4357,16;4405,64;4413,41;4463,06;;;;
;4357,22;4405,65;4413,41;4463,06;;;;
;4357,28;4405,7;4413,41;4463,06;;;;
;4357,35;4405,76;4413,41;4463,06;;;;
;4357,4;4405,8;4413,41;4463,06;;;;
;4357,45;4405,86;4413,41;4463,06;;;;
;4357,57;4405,97;4413,41;4463,06;;;;
;4357,6;4406,01;4413,41;4463,06;;;;
;4357,62;4406,04;4413,41;4463,06;;;;
;4357,69;4406,14;4413,41;4463,06;;;;
;4357,79;4406,29;4413,41;4463,06;;;;
;4357,84;4406,35;4413,41;4463,06;;;;
;4357,9;4406,43;4413,41;4463,06;;;;
;4357,97;4406,53;4413,41;4463,06;;;;
;4358,07;4406,59;4413,41;4463,06;;;;
;4358,13;4406,63;4413,41;4463,06;;;;
;4358,18;4406,69;4413,41;4463,06;;;;
;4358,23;4406,76;4413,41;4463,06;;;;
;4358,26;4406,81;4413,41;4463,06;;;;
;4358,32;4406,85;4413,41;4463,06;;;;
;4358,39;4406,89;4413,41;4463,06;;;;
;4358,43;4406,92;4413,41;4463,06;;;;
;4358,48;4406,97;4413,41;4463,06;;;;
;4358,57;4407,02;4413,41;4463,06;;;;
;4358,67;4407,11;4413,41;4463,06;;;;
;4358,74;4407,22;4413,41;4463,06;;;;
;4358,79;4407,26;4413,41;4463,06;;;;
;4358,83;4407,27;4413,41;4463,06;;;;
;4358,9;4407,34;4413,41;4463,06;;;;
;4359,01;4407,43;4413,41;4463,06;;;;
;4359,1;4407,53;4413,41;4463,06;;;;
;4359,17;4407,56;4413,41;4463,06;;;;
;4359,21;4407,64;4413,41;4463,06;;;;
;4359,29;4407,72;4413,41;4463,06;;;;
;4359,33;4407,76;4413,41;4463,06;;;;
;4359,37;4407,8;4413,41;4463,06;;;;
;4359,41;4407,81;4413,41;4463,06;;;;
;4359,5;4407,88;4413,41;4463,06;;;;
;4359,56;4407,94;4413,41;4463,06;;;;
;4359,61;4407,97;4413,41;4463,06;;;;
;4359,64;4408;4413,41;4463,06;;;;
;4359,7;4408,04;4413,41;4463,06;;;;
;4359,71;4408,05;4413,41;4463,06;;;;
;4359,8;4408,09;4413,41;4463,06;;;;
;4359,86;4408,13;4413,41;4463,06;;;;
;4359,91;4408,2;4413,41;4463,06;;;;
;4360;4408,32;4413,41;4463,06;;;;
;4360,12;4408,45;4413,41;4463,06;;;;
;4360,16;4408,54;4413,41;4463,06;;;;
;4360,16;4408,54;4413,41;4463,06;;;;
;4360,24;4408,66;4413,41;4463,06;;;;
;4360,3;4408,73;4413,41;4463,06;;;;
;4360,37;4408,75;4413,41;4463,06;;;;
;4360,44;4408,8;4413,41;4463,06;;;;
;4360,52;4408,84;4413,41;4463,06;;;;
;4360,57;4408,9;4413,41;4463,06;;;;
;4360,59;4408,9;4413,41;4463,06;;;;
;4360,61;4408,93;4413,41;4463,06;;;;
;4360,67;4408,99;4413,41;4463,06;;;;
;4360,7;4409,05;4413,41;4463,06;;;;
;4360,73;4409,09;4413,41;4463,06;;;;
;4360,78;4409,11;4413,41;4463,06;;;;
;4360,83;4409,2;4413,41;4463,06;;;;
;4360,87;4409,24;4413,41;4463,06;;;;
;4360,96;4409,3;4413,41;4463,06;;;;
;4360,99;4409,35;4413,41;4463,06;;;;
;4361,06;4409,41;4413,41;4463,06;;;;
;4361,08;4409,46;4413,41;4463,06;;;;
;4361,1;4409,44;4413,41;4463,06;;;;
;4361,15;4409,5;4413,41;4463,06;;;;
;4361,18;4409,53;4413,41;4463,06;;;;
;4361,2;4409,53;4413,41;4463,06;;;;
;4361,24;4409,59;4413,41;4463,06;;;;
;4361,33;4409,64;4413,41;4463,06;;;;
;4361,38;4409,69;4413,41;4463,06;;;;
;4361,43;4409,76;4413,41;4463,06;;;;
;4361,54;4409,88;4413,41;4463,06;;;;
;4361,58;4409,93;4413,41;4463,06;;;;
;4361,61;4409,98;4413,41;4463,06;;;;
;4361,67;4410,06;4413,41;4463,06;;;;
;4361,71;4410,1;4413,41;4463,06;;;;
;4361,73;4410,13;4413,41;4463,06;;;;
;4361,83;4410,26;4413,41;4463,06;;;;
;4361,87;4410,32;4413,41;4463,06;;;;
;4361,93;4410,37;4413,41;4463,06;;;;
;4361,96;4410,42;4413,41;4463,06;;;;
;4362,03;4410,51;4413,41;4463,06;;;;
3;4362,13;4410,55;4413,41;4463,06;;;;
;4362,18;4410,63;4413,41;4463,06;;;;
;4362,24;4410,72;4413,41;4463,06;;;;
;4362,31;4410,79;4413,41;4463,06;;;;
;4362,38;4410,88;4413,41;4463,06;;;;
;4362,39;4410,89;4413,41;4463,06;;;;
;4362,42;4410,92;4413,41;4463,06;;;;
;4362,44;4410,95;4413,41;4463,06;;;;
;4362,52;4411,04;4413,41;4463,06;;;;
;4362,53;4411,04;4413,41;4463,06;;;;
;4362,53;4411,04;4413,41;4463,06;;;;
;4362,59;4411,12;4413,41;4463,06;;;;
;4362,61;4411,14;4413,41;4463,06;;;;
;4362,64;4411,19;4413,41;4463,06;;;;
;4362,65;4411,2;4413,41;4463,06;;;;
;4362,67;4411,23;4413,41;4463,06;;;;
;4362,7;4411,27;4413,41;4463,06;;;;
;4362,73;4411,3;4413,41;4463,06;;;;
;4362,79;4411,39;4413,41;4463,06;;;;
;4362,82;4411,4;4413,41;4463,06;;;;
;4362,85;4411,41;4413,41;4463,06;;;;
;4362,88;4411,43;4413,41;4463,06;;;;
;4362,93;4411,44;4413,41;4463,06;;;;
;4362,98;4411,5;4413,41;4463,06;;;;
;4363,03;4411,55;4413,41;4463,06;;;;
;4363,06;4411,56;4413,41;4463,06;;;;
;4363,08;4411,58;4413,41;4463,06;;;;
;4363,12;4411,63;4413,41;4463,06;;;;
;4363,12;4411,63;4413,41;4463,06;;;;
;4363,17;4411,7;4413,41;4463,06;;;;
;4363,25;4411,76;4413,41;4463,06;;;;
;4363,31;4411,82;4413,41;4463,06;;;;
;4363,36;4411,86;4413,41;4463,06;;;;
;4363,39;4411,91;4413,41;4463,06;;;;
;4363,41;4411,91;4413,41;4463,06;;;;
;4363,45;4411,92;4413,41;4463,06;;;;
;4363,49;4411,95;4413,41;4463,06;;;;
;4363,52;4411,99;4413,41;4463,06;;;;
;4363,57;4412,03;4413,41;4463,06;;;;
;4363,65;4412,08;4413,41;4463,06;;;;
;4363,68;4412,1;4413,41;4463,06;;;;
;4363,71;4412,13;4413,41;4463,06;;;;
;4363,75;4412,18;4413,41;4463,06;;;;
;4363,8;4412,22;4413,41;4463,06;;;;
;4363,86;4412,31;4413,41;4463,06;;;;
;4363,89;4412,34;4413,41;4463,06;;;;
;4363,9;4412,35;4413,41;4463,06;;;;
;4363,93;4412,38;4413,41;4463,06;;;;
;4363,98;4412,4;4413,41;4463,06;;;;
;4364,01;4412,45;4413,41;4463,06;;;;
;4364,05;4412,48;4413,41;4463,06;;;;
;4364,05;4412,48;4413,41;4463,06;;;;
;4364,08;4412,51;4413,41;4463,06;;;;
;4364,1;4412,54;4413,41;4463,06;;;;
;4364,12;4412,56;4413,41;4463,06;;;;
;4364,15;4412,63;4413,41;4463,06;;;;
;4364,16;4412,63;4413,41;4463,06;;;;
;4364,22;4412,68;4413,41;4463,06;;;;
;4364,25;4412,73;4413,41;4463,06;;;;
;4364,3;4412,75;4413,41;4463,06;;;;
;4364,34;4412,81;4413,41;4463,06;;;;
;4364,41;4412,89;4413,41;4463,06;;;;
;4364,45;4412,9;4413,41;4463,06;;;;
;4364,46;4412,91;4413,41;4463,06;;;;
;4364,47;4412,9;4413,41;4463,06;;;;
;4364,52;4412,97;4413,41;4463,06;;;;
;4364,56;4413,01;4413,41;4463,06;;;;
;4364,58;4413,02;4413,41;4463,06;;;;
;4364,62;4413,07;4413,41;4463,06;;;;
;4364,64;4413,09;4413,41;4463,06;;;;
;4364,68;4413,13;4413,41;4463,06;;;;
;4364,72;4413,17;4413,41;4463,06;;;;
;4364,76;4413,23;4413,41;4463,06;;;;
;4364,8;4413,25;4413,41;4463,06;;;;
;4364,84;4413,28;4413,41;4463,06;;;;
;4364,85;4413,27;4413,41;4463,06;;;;
;4364,91;4413,35;4413,41;4463,06;;;;
;4364,95;4413,38;4413,41;4463,06;;;;
;4364,96;4413,38;4413,41;4463,06;;;;
;4365;4413,43;4413,41;4463,06;;;;
;4365,03;4413,44;4413,41;4463,06;;;;
;4365,06;4413,47;4413,41;4463,06;;;;
;4365,08;4413,52;4413,41;4463,06;;;;
;4365,12;4413,56;4413,41;4463,06;;;;
;4365,16;4413,55;4413,41;4463,06;;;;
;4365,16;4413,55;4413,41;4463,06;;;;
;4365,17;4413,57;4413,41;4463,06;;;;
;4365,22;4413,62;4413,41;4463,06;;;;
;4365,23;4413,62;4413,41;4463,06;;;;
;4365,23;4413,62;4413,41;4463,06;;;;
;4365,24;4413,65;4413,41;4463,06;;;;
;4365,27;4413,67;4413,41;4463,06;;;;
;4365,3;4413,66;4413,41;4463,06;;;;
;4365,31;4413,68;4413,41;4463,06;;;;
;4365,32;4413,69;4413,41;4463,06;;;;
;4365,33;4413,71;4413,41;4463,06;;;;
;4365,35;4413,72;4413,41;4463,06;;;;
;4365,36;4413,71;4413,41;4463,06;;;;
;4365,37;4413,71;4413,41;4463,06;;;;
;4365,41;4413,76;4413,41;4463,06;;;;
;4365,46;4413,82;4413,41;4463,06;;;;
;4365,47;4413,83;4413,41;4463,06;;;;
;4365,51;4413,85;4413,41;4463,06;;;;
;4365,53;4413,87;4413,41;4463,06;;;;
;4365,53;4413,87;4413,41;4463,06;;;;
;4365,58;4413,91;4413,41;4463,06;;;;
;4365,62;4413,94;4413,41;4463,06;;;;
;4365,66;4413,97;4413,41;4463,06;;;;
;4365,68;4413,99;4413,41;4463,06;;;;
;4365,71;4414,02;4413,41;4463,06;;;;
;4365,73;4414,03;4413,41;4463,06;;;;
;4365,79;4414,07;4413,41;4463,06;;;;
;4365,82;4414,07;4413,41;4463,06;;;;
;4365,88;4414,11;4413,41;4463,06;;;;
;4365,92;4414,14;4413,41;4463,06;;;;
;4365,96;4414,25;4413,41;4463,06;;;;
;4365,99;4414,27;4413,41;4463,06;;;;
;4366,01;4414,27;4413,41;4463,06;;;;
;4366,05;4414,34;4413,41;4463,06;;;;
;4366,06;4414,36;4413,41;4463,06;;;;
;4366,09;4414,38;4413,41;4463,06;;;;
;4366,11;4414,39;4413,41;4463,06;;;;
;4366,14;4414,4;4413,41;4463,06;;;;
;4366,15;4414,42;4413,41;4463,06;;;;
;4366,15;4414,42;4413,41;4463,06;;;;
;4366,2;4414,46;4413,41;4463,06;;;;
;4366,22;4414,49;4413,41;4463,06;;;;
;4366,24;4414,51;4413,41;4463,06;;;;
;4366,25;4414,52;4413,41;4463,06;;;;
;4366,28;4414,52;4413,41;4463,06;;;;
;4366,3;4414,52;4413,41;4463,06;;;;
;4366,35;4414,57;4413,41;4463,06;;;;
;4366,38;4414,6;4413,41;4463,06;;;;
;4366,4;4414,62;4413,41;4463,06;;;;
;4366,41;4414,63;4413,41;4463,06;;;;
;4366,44;4414,63;4413,41;4463,06;;;;
;4366,47;4414,69;4413,41;4463,06;;;;
;4366,49;4414,71;4413,41;4463,06;;;;
;4366,55;4414,82;4413,41;4463,06;;;;
;4366,57;4414,82;4413,41;4463,06;;;;
;4366,58;4414,84;4413,41;4463,06;;;;
;4366,61;4414,88;4413,41;4463,06;;;;
;4366,62;4414,89;4413,41;4463,06;;;;
;4366,65;4414,91;4413,41;4463,06;;;;
;4366,66;4414,91;4413,41;4463,06;;;;
;4366,67;4414,92;4413,41;4463,06;;;;
;4366,69;4414,97;4413,41;4463,06;;;;
;4366,71;4414,95;4413,41;4463,06;;;;
;4366,72;4414,98;4413,41;4463,06;;;;
;4366,73;4414,97;4413,41;4463,06;;;;
;4366,74;4414,98;4413,41;4463,06;;;;
;4366,77;4414,97;4413,41;4463,06;;;;
;4366,79;4414,98;4413,41;4463,06;;;;
;4366,82;4415,04;4413,41;4463,06;;;;
;4366,87;4415,1;4413,41;4463,06;;;;
;4366,88;4415,1;4413,41;4463,06;;;;
;4366,9;4415,11;4413,41;4463,06;;;;
;4366,9;4415,11;4413,41;4463,06;;;;
;4366,92;4415,13;4413,41;4463,06;;;;
;4366,93;4415,14;4413,41;4463,06;;;;
;4366,95;4415,15;4413,41;4463,06;;;;
;4366,99;4415,21;4413,41;4463,06;;;;
;4367,03;4415,27;4413,41;4463,06;;;;
;4367,06;4415,29;4413,41;4463,06;;;;
;4367,07;4415,29;4413,41;4463,06;;;;
;4367,07;4415,29;4413,41;4463,06;;;;
;4367,1;4415,31;4413,41;4463,06;;;;
;4367,12;4415,34;4413,41;4463,06;;;;
;4367,12;4415,34;4413,41;4463,06;;;;
;4367,13;4415,36;4413,41;4463,06;;;;
;4367,15;4415,37;4413,41;4463,06;;;;
;4367,17;4415,39;4413,41;4463,06;;;;
;4367,23;4415,49;4413,41;4463,06;;;;
;4367,24;4415,49;4413,41;4463,06;;;;
;4367,25;4415,5;4413,41;4463,06;;;;
;4367,3;4415,54;4413,41;4463,06;;;;
;4367,32;4415,55;4413,41;4463,06;;;;
;4367,34;4415,53;4413,41;4463,06;;;;
;4367,35;4415,55;4413,41;4463,06;;;;
;4367,35;4415,55;4413,41;4463,06;;;;
3,5;4367,36;4415,57;4413,41;4463,06;;;;
;4367,37;4415,58;4413,41;4463,06;;;;
;4367,38;4415,58;4413,41;4463,06;;;;
;4367,41;4415,61;4413,41;4463,06;;;;
;4367,43;4415,63;4413,41;4463,06;;;;
;4367,44;4415,65;4413,41;4463,06;;;;
;4367,45;4415,67;4413,41;4463,06;;;;
;4367,45;4415,67;4413,41;4463,06;;;;
;4367,47;4415,68;4413,41;4463,06;;;;
;4367,49;4415,71;4413,41;4463,06;;;;
;4367,51;4415,73;4413,41;4463,06;;;;
;4367,52;4415,75;4413,41;4463,06;;;;
;4367,53;4415,76;4413,41;4463,06;;;;
;4367,58;4415,81;4413,41;4463,06;;;;
;4367,59;4415,81;4413,41;4463,06;;;;
;4367,59;4415,81;4413,41;4463,06;;;;
;4367,62;4415,87;4413,41;4463,06;;;;
;4367,63;4415,89;4413,41;4463,06;;;;
;4367,65;4415,91;4413,41;4463,06;;;;
;4367,68;4415,93;4413,41;4463,06;;;;
;4367,7;4415,96;4413,41;4463,06;;;;
;4367,72;4415,96;4413,41;4463,06;;;;
;4367,76;4416,01;4413,41;4463,06;;;;
;4367,79;4416,04;4413,41;4463,06;;;;
;4367,8;4416,04;4413,41;4463,06;;;;
;4367,81;4416,06;4413,41;4463,06;;;;
;4367,82;4416,06;4413,41;4463,06;;;;
;4367,84;4416,09;4413,41;4463,06;;;;
;4367,89;4416,12;4413,41;4463,06;;;;
;4367,93;4416,18;4413,41;4463,06;;;;
;4367,94;4416,19;4413,41;4463,06;;;;
;4367,97;4416,22;4413,41;4463,06;;;;
;4367,99;4416,27;4413,41;4463,06;;;;
;4367,99;4416,27;4413,41;4463,06;;;;
;4368,01;4416,28;4413,41;4463,06;;;;
;4368,02;4416,3;4413,41;4463,06;;;;
;4368,05;4416,33;4413,41;4463,06;;;;
;4368,06;4416,34;4413,41;4463,06;;;;
;4368,06;4416,34;4413,41;4463,06;;;;
;4368,08;4416,35;4413,41;4463,06;;;;
;4368,09;4416,37;4413,41;4463,06;;;;
;4368,11;4416,37;4413,41;4463,06;;;;
;4368,13;4416,4;4413,41;4463,06;;;;
;4368,16;4416,42;4413,41;4463,06;;;;
;4368,2;4416,48;4413,41;4463,06;;;;
;4368,21;4416,49;4413,41;4463,06;;;;
;4368,21;4416,49;4413,41;4463,06;;;;
;4368,23;4416,54;4413,41;4463,06;;;;
;4368,25;4416,56;4413,41;4463,06;;;;
;4368,26;4416,58;4413,41;4463,06;;;;
;4368,27;4416,58;4413,41;4463,06;;;;
;4368,29;4416,62;4413,41;4463,06;;;;
;4368,31;4416,64;4413,41;4463,06;;;;
;4368,33;4416,67;4413,41;4463,06;;;;
;4368,34;4416,67;4413,41;4463,06;;;;
;4368,36;4416,68;4413,41;4463,06;;;;
;4368,36;4416,68;4413,41;4463,06;;;;
;4368,36;4416,68;4413,41;4463,06;;;;
;4368,38;4416,72;4413,41;4463,06;;;;
;4368,38;4416,72;4413,41;4463,06;;;;
;4368,39;4416,73;4413,41;4463,06;;;;
;4368,41;4416,73;4413,41;4463,06;;;;
;4368,43;4416,76;4413,41;4463,06;;;;
;4368,43;4416,76;4413,41;4463,06;;;;
;4368,43;4416,76;4413,41;4463,06;;;;
;4368,43;4416,76;4413,41;4463,06;;;;
;4368,44;4416,77;4413,41;4463,06;;;;
;4368,46;4416,8;4413,41;4463,06;;;;
;4368,48;4416,81;4413,41;4463,06;;;;
;4368,49;4416,81;4413,41;4463,06;;;;
;4368,51;4416,83;4413,41;4463,06;;;;
;4368,53;4416,86;4413,41;4463,06;;;;
;4368,53;4416,86;4413,41;4463,06;;;;
;4368,57;4416,95;4413,41;4463,06;;;;
;4368,57;4416,95;4413,41;4463,06;;;;
;4368,59;4416,97;4413,41;4463,06;;;;
;4368,62;4417;4413,41;4463,06;;;;
;4368,63;4417,01;4413,41;4463,06;;;;
;4368,63;4417,01;4413,41;4463,06;;;;
;4368,65;4417,03;4413,41;4463,06;;;;
;4368,67;4417,06;4413,41;4463,06;;;;
;4368,69;4417,08;4413,41;4463,06;;;;
;4368,7;4417,1;4413,41;4463,06;;;;
;4368,7;4417,1;4413,41;4463,06;;;;
;4368,71;4417,09;4413,41;4463,06;;;;
;4368,72;4417,08;4413,41;4463,06;;;;
;4368,75;4417,11;4413,41;4463,06;;;;
;4368,76;4417,13;4413,41;4463,06;;;;
;4368,77;4417,13;4413,41;4463,06;;;;
;4368,77;4417,13;4413,41;4463,06;;;;
;4368,8;4417,16;4413,41;4463,06;;;;
;4368,82;4417,16;4413,41;4463,06;;;;
;4368,82;4417,16;4413,41;4463,06;;;;
;4368,83;4417,16;4413,41;4463,06;;;;
;4368,83;4417,16;4413,41;4463,06;;;;
;4368,85;4417,18;4413,41;4463,06;;;;
;4368,86;4417,19;4413,41;4463,06;;;;
;4368,89;4417,2;4413,41;4463,06;;;;
;4368,91;4417,21;4413,41;4463,06;;;;
;4368,92;4417,21;4413,41;4463,06;;;;
;4368,92;4417,21;4413,41;4463,06;;;;
;4368,93;4417,23;4413,41;4463,06;;;;
;4368,95;4417,25;4413,41;4463,06;;;;
;4368,97;4417,29;4413,41;4463,06;;;;
;4368,97;4417,29;4413,41;4463,06;;;;
;4369,01;4417,29;4413,41;4463,06;;;;
;4369,01;4417,29;4413,41;4463,06;;;;
;4369,03;4417,34;4413,41;4463,06;;;;
;4369,03;4417,34;4413,41;4463,06;;;;
;4369,05;4417,33;4413,41;4463,06;;;;
;4369,07;4417,36;4413,41;4463,06;;;;
;4369,08;4417,37;4413,41;4463,06;;;;
;4369,09;4417,38;4413,41;4463,06;;;;
;4369,12;4417,42;4413,41;4463,06;;;;
;4369,12;4417,42;4413,41;4463,06;;;;
;4369,13;4417,43;4413,41;4463,06;;;;
;4369,13;4417,43;4413,41;4463,06;;;;
;4369,13;4417,43;4413,41;4463,06;;;;
;4369,16;4417,44;4413,41;4463,06;;;;
;4369,18;4417,48;4413,41;4463,06;;;;
;4369,2;4417,5;4413,41;4463,06;;;;
;4369,2;4417,5;4413,41;4463,06;;;;
;4369,21;4417,52;4413,41;4463,06;;;;
;4369,25;4417,56;4413,41;4463,06;;;;
;4369,27;4417,59;4413,41;4463,06;;;;
;4369,27;4417,59;4413,41;4463,06;;;;
;4369,29;4417,61;4413,41;4463,06;;;;
;4369,3;4417,6;4413,41;4463,06;;;;
;4369,32;4417,64;4413,41;4463,06;;;;
;4369,33;4417,67;4413,41;4463,06;;;;
;4369,33;4417,67;4413,41;4463,06;;;;
;4369,34;4417,67;4413,41;4463,06;;;;
;4369,34;4417,67;4413,41;4463,06;;;;
;4369,34;4417,67;4413,41;4463,06;;;;
;4369,34;4417,67;4413,41;4463,06;;;;
;4369,35;4417,67;4413,41;4463,06;;;;
;4369,39;4417,71;4413,41;4463,06;;;;
;4369,41;4417,74;4413,41;4463,06;;;;
;4369,42;4417,74;4413,41;4463,06;;;;
;4369,43;4417,76;4413,41;4463,06;;;;
;4369,44;4417,78;4413,41;4463,06;;;;
;4369,45;4417,8;4413,41;4463,06;;;;
;4369,45;4417,8;4413,41;4463,06;;;;
;4369,45;4417,8;4413,41;4463,06;;;;
;4369,46;4417,8;4413,41;4463,06;;;;
;4369,46;4417,8;4413,41;4463,06;;;;
;4369,46;4417,8;4413,41;4463,06;;;;
;4369,48;4417,81;4413,41;4463,06;;;;
;4369,51;4417,82;4413,41;4463,06;;;;
;4369,53;4417,84;4413,41;4463,06;;;;
;4369,53;4417,84;4413,41;4463,06;;;;
;4369,53;4417,84;4413,41;4463,06;;;;
;4369,54;4417,83;4413,41;4463,06;;;;
;4369,57;4417,88;4413,41;4463,06;;;;
;4369,57;4417,88;4413,41;4463,06;;;;
;4369,58;4417,89;4413,41;4463,06;;;;
;4369,58;4417,89;4413,41;4463,06;;;;
;4369,6;4417,91;4413,41;4463,06;;;;
;4369,6;4417,91;4413,41;4463,06;;;;
;4369,62;4417,92;4413,41;4463,06;;;;
;4369,64;4417,93;4413,41;4463,06;;;;
;4369,66;4417,92;4413,41;4463,06;;;;
;4369,67;4417,93;4413,41;4463,06;;;;
;4369,67;4417,93;4413,41;4463,06;;;;
;4369,7;4417,96;4413,41;4463,06;;;;
;4369,7;4417,96;4413,41;4463,06;;;;
;4369,72;4417,97;4413,41;4463,06;;;;
;4369,73;4417,99;4413,41;4463,06;;;;
;4369,74;4417,99;4413,41;4463,06;;;;
;4369,74;4417,99;4413,41;4463,06;;;;
;4369,74;4417,99;4413,41;4463,06;;;;
;4369,74;4417,99;4413,41;4463,06;;;;
;4369,75;4417,99;4413,41;4463,06;;;;
;4369,77;4418,02;4413,41;4463,06;;;;
;4369,77;4418,02;4413,41;4463,06;;;;
;4369,78;4418,02;4413,41;4463,06;;;;
;4369,78;4418,02;4413,41;4463,06;;;;
;4369,79;4418,03;4413,41;4463,06;;;;
;4369,8;4418,05;4413,41;4463,06;;;;
;4369,84;4418,1;4413,41;4463,06;;;;
4;4369,85;4418,12;4413,41;4463,06;;;;
;4369,86;4418,12;4413,41;4463,06;;;;
;4369,87;4418,13;4413,41;4463,06;;;;
;4369,89;4418,19;4413,41;4463,06;;;;
;4369,92;4418,22;4413,41;4463,06;;;;
;4369,92;4418,22;4413,41;4463,06;;;;
;4369,95;4418,25;4413,41;4463,06;;;;
;4369,95;4418,25;4413,41;4463,06;;;;
;4369,97;4418,28;4413,41;4463,06;;;;
;4369,97;4418,28;4413,41;4463,06;;;;
;4369,97;4418,28;4413,41;4463,06;;;;
;4369,97;4418,28;4413,41;4463,06;;;;
;4369,97;4418,28;4413,41;4463,06;;;;
;4369,97;4418,28;4413,41;4463,06;;;;
;4369,97;4418,28;4413,41;4463,06;;;;
;4369,99;4418,3;4413,41;4463,06;;;;
;4369,99;4418,3;4413,41;4463,06;;;;
;4369,99;4418,3;4413,41;4463,06;;;;
;4369,99;4418,3;4413,41;4463,06;;;;
;4369,99;4418,3;4413,41;4463,06;;;;
;4370,01;4418,34;4413,41;4463,06;;;;
;4370,03;4418,37;4413,41;4463,06;;;;
;4370,04;4418,38;4413,41;4463,06;;;;
;4370,04;4418,38;4413,41;4463,06;;;;
;4370,04;4418,38;4413,41;4463,06;;;;
;4370,05;4418,38;4413,41;4463,06;;;;
;4370,06;4418,36;4413,41;4463,06;;;;
;4370,07;4418,36;4413,41;4463,06;;;;
;4370,1;4418,38;4413,41;4463,06;;;;
;4370,11;4418,37;4413,41;4463,06;;;;
;4370,12;4418,38;4413,41;4463,06;;;;
;4370,13;4418,38;4413,41;4463,06;;;;
;4370,14;4418,41;4413,41;4463,06;;;;
;4370,14;4418,41;4413,41;4463,06;;;;
;4370,14;4418,41;4413,41;4463,06;;;;
;4370,15;4418,42;4413,41;4463,06;;;;
;4370,15;4418,42;4413,41;4463,06;;;;
;4370,15;4418,42;4413,41;4463,06;;;;
;4370,15;4418,42;4413,41;4463,06;;;;
;4370,16;4418,4;4413,41;4463,06;;;;
;4370,17;4418,41;4413,41;4463,06;;;;
;4370,17;4418,41;4413,41;4463,06;;;;
;4370,2;4418,42;4413,41;4463,06;;;;
;4370,23;4418,44;4413,41;4463,06;;;;
;4370,25;4418,45;4413,41;4463,06;;;;
;4370,25;4418,45;4413,41;4463,06;;;;
;4370,25;4418,45;4413,41;4463,06;;;;
;4370,26;4418,48;4413,41;4463,06;;;;
;4370,27;4418,49;4413,41;4463,06;;;;
;4370,3;4418,51;4413,41;4463,06;;;;
;4370,3;4418,51;4413,41;4463,06;;;;
;4370,31;4418,53;4413,41;4463,06;;;;
;4370,31;4418,53;4413,41;4463,06;;;;
;4370,32;4418,53;4413,41;4463,06;;;;
;4370,33;4418,54;4413,41;4463,06;;;;
;4370,33;4418,54;4413,41;4463,06;;;;
;4370,34;4418,54;4413,41;4463,06;;;;
;4370,34;4418,54;4413,41;4463,06;;;;
;4370,34;4418,54;4413,41;4463,06;;;;
;4370,35;4418,55;4413,41;4463,06;;;;
;4370,35;4418,55;4413,41;4463,06;;;;
;4370,36;4418,54;4413,41;4463,06;;;;
;4370,38;4418,57;4413,41;4463,06;;;;
;4370,39;4418,58;4413,41;4463,06;;;;
;4370,39;4418,58;4413,41;4463,06;;;;
;4370,4;4418,59;4413,41;4463,06;;;;
;4370,42;4418,61;4413,41;4463,06;;;;
;4370,42;4418,61;4413,41;4463,06;;;;
;4370,43;4418,61;4413,41;4463,06;;;;
;4370,43;4418,61;4413,41;4463,06;;;;
;4370,44;4418,65;4413,41;4463,06;;;;
;4370,46;4418,68;4413,41;4463,06;;;;
;4370,46;4418,68;4413,41;4463,06;;;;
;4370,46;4418,68;4413,41;4463,06;;;;
;4370,48;4418,71;4413,41;4463,06;;;;
;4370,48;4418,71;4413,41;4463,06;;;;
;4370,48;4418,71;4413,41;4463,06;;;;
;4370,48;4418,71;4413,41;4463,06;;;;
;4370,49;4418,72;4413,41;4463,06;;;;
;4370,49;4418,72;4413,41;4463,06;;;;
;4370,49;4418,72;4413,41;4463,06;;;;
;4370,49;4418,72;4413,41;4463,06;;;;
;4370,49;4418,72;4413,41;4463,06;;;;
;4370,49;4418,72;4413,41;4463,06;;;;
;4370,49;4418,72;4413,41;4463,06;;;;
;4370,49;4418,72;4413,41;4463,06;;;;
;4370,5;4418,73;4413,41;4463,06;;;;
;4370,51;4418,73;4413,41;4463,06;;;;
;4370,52;4418,73;4413,41;4463,06;;;;
;4370,52;4418,73;4413,41;4463,06;;;;
;4370,54;4418,77;4413,41;4463,06;;;;
;4370,54;4418,77;4413,41;4463,06;;;;
;4370,54;4418,77;4413,41;4463,06;;;;
;4370,54;4418,77;4413,41;4463,06;;;;
;4370,54;4418,77;4413,41;4463,06;;;;
;4370,54;4418,77;4413,41;4463,06;;;;
;4370,56;4418,81;4413,41;4463,06;;;;
;4370,59;4418,85;4413,41;4463,06;;;;
;4370,6;4418,89;4413,41;4463,06;;;;
;4370,6;4418,89;4413,41;4463,06;;;;
;4370,61;4418,89;4413,41;4463,06;;;;
;4370,62;4418,9;4413,41;4463,06;;;;
;4370,66;4418,95;4413,41;4463,06;;;;
;4370,66;4418,95;4413,41;4463,06;;;;
;4370,66;4418,95;4413,41;4463,06;;;;
;4370,67;4418,96;4413,41;4463,06;;;;
;4370,67;4418,96;4413,41;4463,06;;;;
;4370,67;4418,96;4413,41;4463,06;;;;
;4370,67;4418,96;4413,41;4463,06;;;;
;4370,67;4418,96;4413,41;4463,06;;;;
;4370,68;4418,95;4413,41;4463,06;;;;
;4370,68;4418,95;4413,41;4463,06;;;;
;4370,68;4418,95;4413,41;4463,06;;;;
;4370,69;4418,99;4413,41;4463,06;;;;
;4370,69;4418,99;4413,41;4463,06;;;;
;4370,7;4418,98;4413,41;4463,06;;;;
;4370,7;4418,98;4413,41;4463,06;;;;
;4370,71;4418,98;4413,41;4463,06;;;;
;4370,71;4418,98;4413,41;4463,06;;;;
;4370,71;4418,98;4413,41;4463,06;;;;
;4370,72;4418,98;4413,41;4463,06;;;;
;4370,72;4418,98;4413,41;4463,06;;;;
;4370,74;4419;4413,41;4463,06;;;;
;4370,74;4419;4413,41;4463,06;;;;
;4370,74;4419;4413,41;4463,06;;;;
;4370,75;4419,01;4413,41;4463,06;;;;
;4370,75;4419,01;4413,41;4463,06;;;;
;4370,75;4419,01;4413,41;4463,06;;;;
;4370,75;4419,01;4413,41;4463,06;;;;
;4370,75;4419,01;4413,41;4463,06;;;;
;4370,76;4419,03;4413,41;4463,06;;;;
;4370,76;4419,03;4413,41;4463,06;;;;
;4370,77;4419,05;4413,41;4463,06;;;;
;4370,77;4419,05;4413,41;4463,06;;;;
;4370,78;4419,06;4413,41;4463,06;;;;
;4370,78;4419,06;4413,41;4463,06;;;;
;4370,79;4419,06;4413,41;4463,06;;;;
;4370,8;4419,07;4413,41;4463,06;;;;
;4370,8;4419,07;4413,41;4463,06;;;;
;4370,8;4419,07;4413,41;4463,06;;;;
;4370,8;4419,07;4413,41;4463,06;;;;
;4370,8;4419,07;4413,41;4463,06;;;;
;4370,8;4419,07;4413,41;4463,06;;;;
;4370,81;4419,08;4413,41;4463,06;;;;
;4370,81;4419,08;4413,41;4463,06;;;;
;4370,81;4419,08;4413,41;4463,06;;;;
;4370,81;4419,08;4413,41;4463,06;;;;
;4370,81;4419,08;4413,41;4463,06;;;;
;4370,81;4419,08;4413,41;4463,06;;;;
;4370,82;4419,1;4413,41;4463,06;;;;
;4370,83;4419,11;4413,41;4463,06;;;;
;4370,83;4419,11;4413,41;4463,06;;;;
;4370,84;4419,12;4413,41;4463,06;;;;
;4370,84;4419,12;4413,41;4463,06;;;;
;4370,84;4419,12;4413,41;4463,06;;;;
;4370,84;4419,12;4413,41;4463,06;;;;
;4370,84;4419,12;4413,41;4463,06;;;;
;4370,84;4419,12;4413,41;4463,06;;;;
;4370,84;4419,12;4413,41;4463,06;;;;
;4370,84;4419,12;4413,41;4463,06;;;;
;4370,84;4419,12;4413,41;4463,06;;;;
;4370,84;4419,12;4413,41;4463,06;;;;
;4370,85;4419,12;4413,41;4463,06;;;;
;4370,86;4419,12;4413,41;4463,06;;;;
;4370,86;4419,12;4413,41;4463,06;;;;
;4370,86;4419,12;4413,41;4463,06;;;;
;4370,86;4419,12;4413,41;4463,06;;;;
;4370,86;4419,12;4413,41;4463,06;;;;
;4370,88;4419,14;4413,41;4463,06;;;;
;4370,9;4419,15;4413,41;4463,06;;;;
;4370,91;4419,18;4413,41;4463,06;;;;
;4370,92;4419,18;4413,41;4463,06;;;;
;4370,93;4419,2;4413,41;4463,06;;;;
;4370,93;4419,2;4413,41;4463,06;;;;
;4370,94;4419,2;4413,41;4463,06;;;;
;4370,94;4419,2;4413,41;4463,06;;;;
;4370,94;4419,2;4413,41;4463,06;;;;
;4370,95;4419,2;4413,41;4463,06;;;;
;4370,95;4419,2;4413,41;4463,06;;;;
;4370,95;4419,2;4413,41;4463,06;;;;
4,5;4370,96;4419,22;4413,41;4463,06;;;;
;4370,97;4419,23;4413,41;4463,06;;;;
;4370,99;4419,23;4413,41;4463,06;;;;
;4370,99;4419,23;4413,41;4463,06;;;;
;4370,99;4419,23;4413,41;4463,06;;;;
;4370,99;4419,23;4413,41;4463,06;;;;
;4370,99;4419,23;4413,41;4463,06;;;;
;4370,99;4419,23;4413,41;4463,06;;;;
;4370,99;4419,23;4413,41;4463,06;;;;
;4371,01;4419,23;4413,41;4463,06;;;;
;4371,01;4419,23;4413,41;4463,06;;;;
;4371,01;4419,23;4413,41;4463,06;;;;
;4371,01;4419,23;4413,41;4463,06;;;;
;4371,02;4419,24;4413,41;4463,06;;;;
;4371,02;4419,24;4413,41;4463,06;;;;
;4371,03;4419,25;4413,41;4463,06;;;;
;4371,03;4419,25;4413,41;4463,06;;;;
;4371,03;4419,25;4413,41;4463,06;;;;
;4371,03;4419,25;4413,41;4463,06;;;;
;4371,05;4419,27;4413,41;4463,06;;;;
;4371,05;4419,27;4413,41;4463,06;;;;
;4371,05;4419,27;4413,41;4463,06;;;;
;4371,06;4419,28;4413,41;4463,06;;;;
;4371,06;4419,28;4413,41;4463,06;;;;
;4371,06;4419,28;4413,41;4463,06;;;;
;4371,06;4419,28;4413,41;4463,06;;;;
;4371,07;4419,27;4413,41;4463,06;;;;
;4371,07;4419,27;4413,41;4463,06;;;;
;4371,07;4419,27;4413,41;4463,06;;;;
;4371,08;4419,29;4413,41;4463,06;;;;
;4371,09;4419,3;4413,41;4463,06;;;;
;4371,09;4419,3;4413,41;4463,06;;;;
;4371,1;4419,31;4413,41;4463,06;;;;
;4371,11;4419,33;4413,41;4463,06;;;;
;4371,12;4419,34;4413,41;4463,06;;;;
;4371,12;4419,34;4413,41;4463,06;;;;
;4371,12;4419,34;4413,41;4463,06;;;;
;4371,12;4419,34;4413,41;4463,06;;;;
;4371,13;4419,36;4413,41;4463,06;;;;
;4371,14;4419,39;4413,41;4463,06;;;;
;4371,15;4419,4;4413,41;4463,06;;;;
;4371,15;4419,4;4413,41;4463,06;;;;
;4371,15;4419,4;4413,41;4463,06;;;;
;4371,15;4419,4;4413,41;4463,06;;;;
;4371,16;4419,4;4413,41;4463,06;;;;
;4371,16;4419,4;4413,41;4463,06;;;;
;4371,16;4419,4;4413,41;4463,06;;;;
;4371,16;4419,4;4413,41;4463,06;;;;
;4371,16;4419,4;4413,41;4463,06;;;;
;4371,17;4419,43;4413,41;4463,06;;;;
;4371,18;4419,43;4413,41;4463,06;;;;
;4371,18;4419,43;4413,41;4463,06;;;;
;4371,18;4419,43;4413,41;4463,06;;;;
;4371,18;4419,43;4413,41;4463,06;;;;
;4371,19;4419,47;4413,41;4463,06;;;;
;4371,19;4419,47;4413,41;4463,06;;;;
;4371,2;4419,5;4413,41;4463,06;;;;
;4371,2;4419,5;4413,41;4463,06;;;;
;4371,2;4419,5;4413,41;4463,06;;;;
;4371,21;4419,51;4413,41;4463,06;;;;
;4371,21;4419,51;4413,41;4463,06;;;;
;4371,21;4419,51;4413,41;4463,06;;;;
;4371,22;4419,54;4413,41;4463,06;;;;
;4371,22;4419,54;4413,41;4463,06;;;;
;4371,22;4419,54;4413,41;4463,06;;;;
;4371,22;4419,54;4413,41;4463,06;;;;
;4371,22;4419,54;4413,41;4463,06;;;;
;4371,23;4419,56;4413,41;4463,06;;;;
;4371,24;4419,58;4413,41;4463,06;;;;
;4371,24;4419,58;4413,41;4463,06;;;;
;4371,24;4419,58;4413,41;4463,06;;;;
;4371,25;4419,59;4413,41;4463,06;;;;
;4371,25;4419,59;4413,41;4463,06;;;;
;4371,25;4419,59;4413,41;4463,06;;;;
;4371,27;4419,62;4413,41;4463,06;;;;
;4371,28;4419,63;4413,41;4463,06;;;;
;4371,28;4419,63;4413,41;4463,06;;;;
;4371,28;4419,63;4413,41;4463,06;;;;
;4371,28;4419,63;4413,41;4463,06;;;;
;4371,29;4419,62;4413,41;4463,06;;;;
;4371,29;4419,62;4413,41;4463,06;;;;
;4371,29;4419,62;4413,41;4463,06;;;;
;4371,29;4419,62;4413,41;4463,06;;;;
;4371,29;4419,62;4413,41;4463,06;;;;
;4371,29;4419,62;4413,41;4463,06;;;;
;4371,3;4419,66;4413,41;4463,06;;;;
;4371,3;4419,66;4413,41;4463,06;;;;
;4371,3;4419,66;4413,41;4463,06;;;;
;4371,3;4419,66;4413,41;4463,06;;;;
;4371,3;4419,66;4413,41;4463,06;;;;
;4371,31;4419,68;4413,41;4463,06;;;;
;4371,31;4419,68;4413,41;4463,06;;;;
;4371,31;4419,68;4413,41;4463,06;;;;
;4371,31;4419,68;4413,41;4463,06;;;;
;4371,31;4419,68;4413,41;4463,06;;;;
;4371,31;4419,68;4413,41;4463,06;;;;
;4371,32;4419,68;4413,41;4463,06;;;;
;4371,32;4419,68;4413,41;4463,06;;;;
;4371,32;4419,68;4413,41;4463,06;;;;
;4371,32;4419,68;4413,41;4463,06;;;;
;4371,32;4419,68;4413,41;4463,06;;;;
;4371,32;4419,68;4413,41;4463,06;;;;
;4371,32;4419,68;4413,41;4463,06;;;;
;4371,32;4419,68;4413,41;4463,06;;;;
;4371,32;4419,68;4413,41;4463,06;;;;
;4371,32;4419,68;4413,41;4463,06;;;;
;4371,32;4419,68;4413,41;4463,06;;;;
;4371,32;4419,68;4413,41;4463,06;;;;
;4371,32;4419,68;4413,41;4463,06;;;;
;4371,32;4419,68;4413,41;4463,06;;;;
;4371,32;4419,68;4413,41;4463,06;;;;
;4371,32;4419,68;4413,41;4463,06;;;;
;4371,32;4419,68;4413,41;4463,06;;;;
;4371,32;4419,68;4413,41;4463,06;;;;
;4371,32;4419,68;4413,41;4463,06;;;;
;4371,32;4419,68;4413,41;4463,06;;;;
;4371,32;4419,68;4413,41;4463,06;;;;
;4371,32;4419,68;4413,41;4463,06;;;;
;4371,32;4419,68;4413,41;4463,06;;;;
;4371,32;4419,68;4413,41;4463,06;;;;
;4371,32;4419,68;4413,41;4463,06;;;;
;4371,32;4419,68;4413,41;4463,06;;;;
;4371,32;4419,68;4413,41;4463,06;;;;
;4371,32;4419,68;4413,41;4463,06;;;;
;4371,32;4419,68;4413,41;4463,06;;;;
;4371,32;4419,68;4413,41;4463,06;;;;
;4371,32;4419,68;4413,41;4463,06;;;;
;4371,32;4419,68;4413,41;4463,06;;;;
;4371,32;4419,68;4413,41;4463,06;;;;
;4371,32;4419,68;4413,41;4463,06;;;;
;4371,33;4419,7;4413,41;4463,06;;;;
;4371,33;4419,7;4413,41;4463,06;;;;
;4371,33;4419,7;4413,41;4463,06;;;;
;4371,33;4419,7;4413,41;4463,06;;;;
;4371,34;4419,71;4413,41;4463,06;;;;
;4371,34;4419,71;4413,41;4463,06;;;;
;4371,34;4419,71;4413,41;4463,06;;;;
;4371,34;4419,71;4413,41;4463,06;;;;
;4371,36;4419,72;4413,41;4463,06;;;;
;4371,36;4419,72;4413,41;4463,06;;;;
;4371,36;4419,72;4413,41;4463,06;;;;
;4371,36;4419,72;4413,41;4463,06;;;;
;4371,37;4419,72;4413,41;4463,06;;;;
;4371,37;4419,72;4413,41;4463,06;;;;
;4371,37;4419,72;4413,41;4463,06;;;;
;4371,37;4419,72;4413,41;4463,06;;;;
;4371,37;4419,72;4413,41;4463,06;;;;
;4371,37;4419,72;4413,41;4463,06;;;;
;4371,37;4419,72;4413,41;4463,06;;;;
;4371,37;4419,72;4413,41;4463,06;;;;
;4371,37;4419,72;4413,41;4463,06;;;;
;4371,37;4419,72;4413,41;4463,06;;;;
;4371,38;4419,76;4413,41;4463,06;;;;
;4371,38;4419,76;4413,41;4463,06;;;;
;4371,38;4419,76;4413,41;4463,06;;;;
;4371,38;4419,76;4413,41;4463,06;;;;
;4371,38;4419,76;4413,41;4463,06;;;;
;4371,39;4419,75;4413,41;4463,06;;;;
;4371,39;4419,75;4413,41;4463,06;;;;
;4371,39;4419,75;4413,41;4463,06;;;;
;4371,39;4419,75;4413,41;4463,06;;;;
;4371,39;4419,75;4413,41;4463,06;;;;
;4371,39;4419,75;4413,41;4463,06;;;;
;4371,4;4419,77;4413,41;4463,06;;;;
;4371,4;4419,77;4413,41;4463,06;;;;
;4371,4;4419,77;4413,41;4463,06;;;;
;4371,41;4419,76;4413,41;4463,06;;;;
;4371,41;4419,76;4413,41;4463,06;;;;
;4371,42;4419,76;4413,41;4463,06;;;;
;4371,42;4419,76;4413,41;4463,06;;;;
;4371,42;4419,76;4413,41;4463,06;;;;
;4371,43;4419,78;4413,41;4463,06;;;;
;4371,43;4419,78;4413,41;4463,06;;;;
;4371,43;4419,78;4413,41;4463,06;;;;
;4371,43;4419,78;4413,41;4463,06;;;;
;4371,43;4419,78;4413,41;4463,06;;;;
;4371,43;4419,78;4413,41;4463,06;;;;
;4371,43;4419,78;4413,41;4463,06;;;;
;4371,43;4419,78;4413,41;4463,06;;;;
;4371,43;4419,78;4413,41;4463,06;;;;
5;4371,43;4419,78;4413,41;4463,06;;;;
;4371,43;4419,78;4413,41;4463,06;;;;
;4371,43;4419,78;4413,41;4463,06;;;;
;4371,45;4419,79;4413,41;4463,06;;;;
;4371,45;4419,79;4413,41;4463,06;;;;
;4371,45;4419,79;4413,41;4463,06;;;;
;4371,46;4419,79;4413,41;4463,06;;;;
;4371,46;4419,79;4413,41;4463,06;;;;
;4371,46;4419,79;4413,41;4463,06;;;;
;4371,46;4419,79;4413,41;4463,06;;;;
;4371,46;4419,79;4413,41;4463,06;;;;
;4371,46;4419,79;4413,41;4463,06;;;;
;4371,47;4419,79;4413,41;4463,06;;;;
;4371,48;4419,79;4413,41;4463,06;;;;
;4371,48;4419,79;4413,41;4463,06;;;;
;4371,48;4419,79;4413,41;4463,06;;;;
;4371,48;4419,79;4413,41;4463,06;;;;
;4371,48;4419,79;4413,41;4463,06;;;;
;4371,48;4419,79;4413,41;4463,06;;;;
;4371,48;4419,79;4413,41;4463,06;;;;
;4371,48;4419,79;4413,41;4463,06;;;;
;4371,48;4419,79;4413,41;4463,06;;;;
;4371,48;4419,79;4413,41;4463,06;;;;
;4371,48;4419,79;4413,41;4463,06;;;;
;4371,48;4419,79;4413,41;4463,06;;;;
;4371,49;4419,81;4413,41;4463,06;;;;
;4371,5;4419,82;4413,41;4463,06;;;;
;4371,5;4419,82;4413,41;4463,06;;;;
;4371,5;4419,82;4413,41;4463,06;;;;
;4371,5;4419,82;4413,41;4463,06;;;;
;4371,5;4419,82;4413,41;4463,06;;;;
;4371,5;4419,82;4413,41;4463,06;;;;
;4371,51;4419,81;4413,41;4463,06;;;;
;4371,51;4419,81;4413,41;4463,06;;;;
;4371,51;4419,81;4413,41;4463,06;;;;
;4371,52;4419,83;4413,41;4463,06;;;;
;4371,52;4419,83;4413,41;4463,06;;;;
;4371,52;4419,83;4413,41;4463,06;;;;
;4371,52;4419,83;4413,41;4463,06;;;;
;4371,52;4419,83;4413,41;4463,06;;;;
;4371,52;4419,83;4413,41;4463,06;;;;
;4371,52;4419,83;4413,41;4463,06;;;;
;4371,52;4419,83;4413,41;4463,06;;;;
;4371,52;4419,83;4413,41;4463,06;;;;
;4371,52;4419,83;4413,41;4463,06;;;;
;4371,52;4419,83;4413,41;4463,06;;;;
;4371,53;4419,85;4413,41;4463,06;;;;
;4371,54;4419,86;4413,41;4463,06;;;;
;4371,54;4419,86;4413,41;4463,06;;;;
;4371,54;4419,86;4413,41;4463,06;;;;
;4371,54;4419,86;4413,41;4463,06;;;;
;4371,54;4419,86;4413,41;4463,06;;;;
;4371,54;4419,86;4413,41;4463,06;;;;
;4371,55;4419,88;4413,41;4463,06;;;;
;4371,56;4419,91;4413,41;4463,06;;;;
;4371,56;4419,91;4413,41;4463,06;;;;
;4371,56;4419,91;4413,41;4463,06;;;;
;4371,56;4419,91;4413,41;4463,06;;;;
;4371,56;4419,91;4413,41;4463,06;;;;
;4371,56;4419,91;4413,41;4463,06;;;;
;4371,57;4419,89;4413,41;4463,06;;;;
;4371,58;4419,89;4413,41;4463,06;;;;
;4371,58;4419,89;4413,41;4463,06;;;;
;4371,58;4419,89;4413,41;4463,06;;;;
;4371,58;4419,89;4413,41;4463,06;;;;
;4371,58;4419,89;4413,41;4463,06;;;;
;4371,59;4419,91;4413,41;4463,06;;;;
;4371,6;4419,9;4413,41;4463,06;;;;
;4371,6;4419,9;4413,41;4463,06;;;;
;4371,6;4419,9;4413,41;4463,06;;;;
;4371,6;4419,9;4413,41;4463,06;;;;
;4371,6;4419,9;4413,41;4463,06;;;;
;4371,6;4419,9;4413,41;4463,06;;;;
;4371,61;4419,92;4413,41;4463,06;;;;
;4371,61;4419,92;4413,41;4463,06;;;;
;4371,61;4419,92;4413,41;4463,06;;;;
;4371,61;4419,92;4413,41;4463,06;;;;
;4371,61;4419,92;4413,41;4463,06;;;;
;4371,61;4419,92;4413,41;4463,06;;;;
;4371,61;4419,92;4413,41;4463,06;;;;
;4371,61;4419,92;4413,41;4463,06;;;;
;4371,61;4419,92;4413,41;4463,06;;;;
;4371,61;4419,92;4413,41;4463,06;;;;
;4371,61;4419,92;4413,41;4463,06;;;;
;4371,61;4419,92;4413,41;4463,06;;;;
;4371,61;4419,92;4413,41;4463,06;;;;
;4371,63;4419,94;4413,41;4463,06;;;;
;4371,63;4419,94;4413,41;4463,06;;;;
;4371,63;4419,94;4413,41;4463,06;;;;
;4371,63;4419,94;4413,41;4463,06;;;;
;4371,63;4419,94;4413,41;4463,06;;;;
;4371,63;4419,94;4413,41;4463,06;;;;
;4371,64;4419,96;4413,41;4463,06;;;;
;4371,64;4419,96;4413,41;4463,06;;;;
;4371,64;4419,96;4413,41;4463,06;;;;
;4371,64;4419,96;4413,41;4463,06;;;;
;4371,64;4419,96;4413,41;4463,06;;;;
;4371,64;4419,96;4413,41;4463,06;;;;
;4371,64;4419,96;4413,41;4463,06;;;;
;4371,64;4419,96;4413,41;4463,06;;;;
;4371,65;4419,96;4413,41;4463,06;;;;
;4371,65;4419,96;4413,41;4463,06;;;;
;4371,65;4419,96;4413,41;4463,06;;;;
;4371,65;4419,96;4413,41;4463,06;;;;
;4371,65;4419,96;4413,41;4463,06;;;;
;4371,65;4419,96;4413,41;4463,06;;;;
;4371,65;4419,96;4413,41;4463,06;;;;
;4371,65;4419,96;4413,41;4463,06;;;;
;4371,65;4419,96;4413,41;4463,06;;;;
;4371,65;4419,96;4413,41;4463,06;;;;
;4371,65;4419,96;4413,41;4463,06;;;;
;4371,65;4419,96;4413,41;4463,06;;;;
;4371,65;4419,96;4413,41;4463,06;;;;
;4371,65;4419,96;4413,41;4463,06;;;;
;4371,65;4419,96;4413,41;4463,06;;;;
;4371,65;4419,96;4413,41;4463,06;;;;
;4371,65;4419,96;4413,41;4463,06;;;;
;4371,65;4419,96;4413,41;4463,06;;;;
;4371,65;4419,96;4413,41;4463,06;;;;
;4371,65;4419,96;4413,41;4463,06;;;;
;4371,65;4419,96;4413,41;4463,06;;;;
;4371,65;4419,96;4413,41;4463,06;;;;
;4371,65;4419,96;4413,41;4463,06;;;;
;4371,65;4419,96;4413,41;4463,06;;;;
;4371,65;4419,96;4413,41;4463,06;;;;
;4371,65;4419,96;4413,41;4463,06;;;;
;4371,66;4419,97;4413,41;4463,06;;;;
;4371,67;4419,98;4413,41;4463,06;;;;
;4371,68;4420;4413,41;4463,06;;;;
;4371,69;4420,01;4413,41;4463,06;;;;
;4371,69;4420,01;4413,41;4463,06;;;;
;4371,69;4420,01;4413,41;4463,06;;;;
;4371,69;4420,01;4413,41;4463,06;;;;
;4371,69;4420,01;4413,41;4463,06;;;;
;4371,69;4420,01;4413,41;4463,06;;;;
;4371,69;4420,01;4413,41;4463,06;;;;
;4371,69;4420,01;4413,41;4463,06;;;;
;4371,69;4420,01;4413,41;4463,06;;;;
;4371,7;4420;4413,41;4463,06;;;;
;4371,7;4420;4413,41;4463,06;;;;
;4371,7;4420;4413,41;4463,06;;;;
;4371,7;4420;4413,41;4463,06;;;;
;4371,7;4420;4413,41;4463,06;;;;
;4371,7;4420;4413,41;4463,06;;;;
;4371,7;4420;4413,41;4463,06;;;;
;4371,7;4420;4413,41;4463,06;;;;
;4371,7;4420;4413,41;4463,06;;;;
;4371,7;4420;4413,41;4463,06;;;;
;4371,7;4420;4413,41;4463,06;;;;
;4371,7;4420;4413,41;4463,06;;;;
;4371,7;4420;4413,41;4463,06;;;;
;4371,71;4420;4413,41;4463,06;;;;
;4371,71;4420;4413,41;4463,06;;;;
;4371,71;4420;4413,41;4463,06;;;;
;4371,71;4420;4413,41;4463,06;;;;
;4371,71;4420;4413,41;4463,06;;;;
;4371,71;4420;4413,41;4463,06;;;;
;4371,71;4420;4413,41;4463,06;;;;
;4371,72;4420,02;4413,41;4463,06;;;;
;4371,72;4420,02;4413,41;4463,06;;;;
;4371,72;4420,02;4413,41;4463,06;;;;
;4371,72;4420,02;4413,41;4463,06;;;;
;4371,73;4420,03;4413,41;4463,06;;;;
;4371,73;4420,03;4413,41;4463,06;;;;
;4371,73;4420,03;4413,41;4463,06;;;;
;4371,73;4420,03;4413,41;4463,06;;;;
;4371,74;4420,03;4413,41;4463,06;;;;
;4371,74;4420,03;4413,41;4463,06;;;;
;4371,74;4420,03;4413,41;4463,06;;;;
;4371,74;4420,03;4413,41;4463,06;;;;
;4371,74;4420,03;4413,41;4463,06;;;;
;4371,75;4420,01;4413,41;4463,06;;;;
;4371,75;4420,01;4413,41;4463,06;;;;
;4371,76;4420,01;4413,41;4463,06;;;;
;4371,76;4420,01;4413,41;4463,06;;;;
;4371,76;4420,01;4413,41;4463,06;;;;
;4371,76;4420,01;4413,41;4463,06;;;;
;4371,76;4420,01;4413,41;4463,06;;;;
;4371,76;4420,01;4413,41;4463,06;;;;
;4371,76;4420,01;4413,41;4463,06;;;;
5,5;4371,76;4420,01;4413,41;4463,06;;;;
;4371,76;4420,01;4413,41;4463,06;;;;
;4371,76;4420,01;4413,41;4463,06;;;;
;4371,76;4420,01;4413,41;4463,06;;;;
;4371,76;4420,01;4413,41;4463,06;;;;
;4371,76;4420,01;4413,41;4463,06;;;;
;4371,76;4420,01;4413,41;4463,06;;;;
;4371,76;4420,01;4413,41;4463,06;;;;
;4371,76;4420,01;4413,41;4463,06;;;;
;4371,76;4420,01;4413,41;4463,06;;;;
;4371,76;4420,01;4413,41;4463,06;;;;
;4371,76;4420,01;4413,41;4463,06;;;;
;4371,76;4420,01;4413,41;4463,06;;;;
;4371,76;4420,01;4413,41;4463,06;;;;
;4371,76;4420,01;4413,41;4463,06;;;;
;4371,76;4420,01;4413,41;4463,06;;;;
;4371,76;4420,01;4413,41;4463,06;;;;
;4371,76;4420,01;4413,41;4463,06;;;;
;4371,76;4420,01;4413,41;4463,06;;;;
;4371,77;4420;4413,41;4463,06;;;;
;4371,77;4420;4413,41;4463,06;;;;
;4371,77;4420;4413,41;4463,06;;;;
;4371,77;4420;4413,41;4463,06;;;;
;4371,77;4420;4413,41;4463,06;;;;
;4371,77;4420;4413,41;4463,06;;;;
;4371,77;4420;4413,41;4463,06;;;;
;4371,77;4420;4413,41;4463,06;;;;
;4371,77;4420;4413,41;4463,06;;;;
;4371,77;4420;4413,41;4463,06;;;;
;4371,77;4420;4413,41;4463,06;;;;
;4371,77;4420;4413,41;4463,06;;;;
;4371,78;4420,01;4413,41;4463,06;;;;
;4371,78;4420,01;4413,41;4463,06;;;;
;4371,78;4420,01;4413,41;4463,06;;;;
;4371,78;4420,01;4413,41;4463,06;;;;
;4371,78;4420,01;4413,41;4463,06;;;;
;4371,78;4420,01;4413,41;4463,06;;;;
;4371,78;4420,01;4413,41;4463,06;;;;
;4371,78;4420,01;4413,41;4463,06;;;;
;4371,78;4420,01;4413,41;4463,06;;;;
;4371,79;4420,01;4413,41;4463,06;;;;
;4371,79;4420,01;4413,41;4463,06;;;;
;4371,79;4420,01;4413,41;4463,06;;;;
;4371,79;4420,01;4413,41;4463,06;;;;
;4371,79;4420,01;4413,41;4463,06;;;;
;4371,79;4420,01;4413,41;4463,06;;;;
;4371,79;4420,01;4413,41;4463,06;;;;
;4371,79;4420,01;4413,41;4463,06;;;;
;4371,79;4420,01;4413,41;4463,06;;;;
;4371,79;4420,01;4413,41;4463,06;;;;
;4371,79;4420,01;4413,41;4463,06;;;;
;4371,79;4420,01;4413,41;4463,06;;;;
;4371,79;4420,01;4413,41;4463,06;;;;
;4371,79;4420,01;4413,41;4463,06;;;;
;4371,79;4420,01;4413,41;4463,06;;;;
;4371,79;4420,01;4413,41;4463,06;;;;
;4371,79;4420,01;4413,41;4463,06;;;;
;4371,79;4420,01;4413,41;4463,06;;;;
;4371,79;4420,01;4413,41;4463,06;;;;
;4371,79;4420,01;4413,41;4463,06;;;;
;4371,79;4420,01;4413,41;4463,06;;;;
;4371,79;4420,01;4413,41;4463,06;;;;
;4371,79;4420,01;4413,41;4463,06;;;;
;4371,79;4420,01;4413,41;4463,06;;;;
;4371,79;4420,01;4413,41;4463,06;;;;
;4371,79;4420,01;4413,41;4463,06;;;;
;4371,79;4420,01;4413,41;4463,06;;;;
;4371,79;4420,01;4413,41;4463,06;;;;
;4371,79;4420,01;4413,41;4463,06;;;;
;4371,79;4420,01;4413,41;4463,06;;;;
;4371,79;4420,01;4413,41;4463,06;;;;
;4371,79;4420,01;4413,41;4463,06;;;;
;4371,79;4420,01;4413,41;4463,06;;;;
;4371,79;4420,01;4413,41;4463,06;;;;
;4371,79;4420,01;4413,41;4463,06;;;;
;4371,8;4420,02;4413,41;4463,06;;;;
;4371,8;4420,02;4413,41;4463,06;;;;
;4371,8;4420,02;4413,41;4463,06;;;;
;4371,8;4420,02;4413,41;4463,06;;;;
;4371,8;4420,02;4413,41;4463,06;;;;
;4371,8;4420,02;4413,41;4463,06;;;;
;4371,8;4420,02;4413,41;4463,06;;;;
;4371,8;4420,02;4413,41;4463,06;;;;
;4371,8;4420,02;4413,41;4463,06;;;;
;4371,8;4420,02;4413,41;4463,06;;;;
;4371,8;4420,02;4413,41;4463,06;;;;
;4371,8;4420,02;4413,41;4463,06;;;;
;4371,8;4420,02;4413,41;4463,06;;;;
;4371,8;4420,02;4413,41;4463,06;;;;
;4371,8;4420,02;4413,41;4463,06;;;;
;4371,8;4420,02;4413,41;4463,06;;;;
;4371,8;4420,02;4413,41;4463,06;;;;
;4371,8;4420,02;4413,41;4463,06;;;;
;4371,8;4420,02;4413,41;4463,06;;;;
;4371,8;4420,02;4413,41;4463,06;;;;
;4371,8;4420,02;4413,41;4463,06;;;;
;4371,8;4420,02;4413,41;4463,06;;;;
;4371,8;4420,02;4413,41;4463,06;;;;
;4371,8;4420,02;4413,41;4463,06;;;;
;4371,8;4420,02;4413,41;4463,06;;;;
;4371,8;4420,02;4413,41;4463,06;;;;
;4371,8;4420,02;4413,41;4463,06;;;;
;4371,8;4420,02;4413,41;4463,06;;;;
;4371,8;4420,02;4413,41;4463,06;;;;
;4371,8;4420,02;4413,41;4463,06;;;;
;4371,8;4420,02;4413,41;4463,06;;;;
;4371,8;4420,02;4413,41;4463,06;;;;
;4371,8;4420,02;4413,41;4463,06;;;;
;4371,8;4420,02;4413,41;4463,06;;;;
;4371,8;4420,02;4413,41;4463,06;;;;
;4371,8;4420,02;4413,41;4463,06;;;;
;4371,8;4420,02;4413,41;4463,06;;;;
;4371,8;4420,02;4413,41;4463,06;;;;
;4371,8;4420,02;4413,41;4463,06;;;;
;4371,8;4420,02;4413,41;4463,06;;;;
;4371,8;4420,02;4413,41;4463,06;;;;
;4371,8;4420,02;4413,41;4463,06;;;;
;4371,81;4420,01;4413,41;4463,06;;;;
;4371,81;4420,01;4413,41;4463,06;;;;
;4371,81;4420,01;4413,41;4463,06;;;;
;4371,81;4420,01;4413,41;4463,06;;;;
;4371,81;4420,01;4413,41;4463,06;;;;
;4371,81;4420,01;4413,41;4463,06;;;;
;4371,81;4420,01;4413,41;4463,06;;;;
;4371,81;4420,01;4413,41;4463,06;;;;
;4371,81;4420,01;4413,41;4463,06;;;;
;4371,81;4420,01;4413,41;4463,06;;;;
;4371,81;4420,01;4413,41;4463,06;;;;
;4371,81;4420,01;4413,41;4463,06;;;;
;4371,82;4420,04;4413,41;4463,06;;;;
;4371,82;4420,04;4413,41;4463,06;;;;
;4371,82;4420,04;4413,41;4463,06;;;;
;4371,82;4420,04;4413,41;4463,06;;;;
;4371,82;4420,04;4413,41;4463,06;;;;
;4371,82;4420,04;4413,41;4463,06;;;;
;4371,82;4420,04;4413,41;4463,06;;;;
;4371,82;4420,04;4413,41;4463,06;;;;
;4371,82;4420,04;4413,41;4463,06;;;;
;4371,82;4420,04;4413,41;4463,06;;;;
;4371,82;4420,04;4413,41;4463,06;;;;
;4371,82;4420,04;4413,41;4463,06;;;;
;4371,82;4420,04;4413,41;4463,06;;;;
;4371,82;4420,04;4413,41;4463,06;;;;
;4371,82;4420,04;4413,41;4463,06;;;;
;4371,83;4420,03;4413,41;4463,06;;;;
;4371,83;4420,03;4413,41;4463,06;;;;
;4371,83;4420,03;4413,41;4463,06;;;;
;4371,83;4420,03;4413,41;4463,06;;;;
;4371,83;4420,03;4413,41;4463,06;;;;
;4371,83;4420,03;4413,41;4463,06;;;;
;4371,83;4420,03;4413,41;4463,06;;;;
;4371,83;4420,03;4413,41;4463,06;;;;
;4371,83;4420,03;4413,41;4463,06;;;;
;4371,83;4420,03;4413,41;4463,06;;;;
;4371,83;4420,03;4413,41;4463,06;;;;
;4371,83;4420,03;4413,41;4463,06;;;;
;4371,83;4420,03;4413,41;4463,06;;;;
;4371,83;4420,03;4413,41;4463,06;;;;
;4371,83;4420,03;4413,41;4463,06;;;;
;4371,83;4420,03;4413,41;4463,06;;;;
;4371,83;4420,03;4413,41;4463,06;;;;
;4371,83;4420,03;4413,41;4463,06;;;;
;4371,83;4420,03;4413,41;4463,06;;;;
;4371,83;4420,03;4413,41;4463,06;;;;
;4371,83;4420,03;4413,41;4463,06;;;;
;4371,83;4420,03;4413,41;4463,06;;;;
;4371,83;4420,03;4413,41;4463,06;;;;
;4371,83;4420,03;4413,41;4463,06;;;;
;4371,83;4420,03;4413,41;4463,06;;;;
;4371,83;4420,03;4413,41;4463,06;;;;
;4371,83;4420,03;4413,41;4463,06;;;;
;4371,83;4420,03;4413,41;4463,06;;;;
;4371,83;4420,03;4413,41;4463,06;;;;
;4371,83;4420,03;4413,41;4463,06;;;;
;4371,83;4420,03;4413,41;4463,06;;;;
;4371,83;4420,03;4413,41;4463,06;;;;
;4371,83;4420,03;4413,41;4463,06;;;;
;4371,83;4420,03;4413,41;4463,06;;;;
;4371,83;4420,03;4413,41;4463,06;;;;
;4371,83;4420,03;4413,41;4463,06;;;;
6;4371,83;4420,03;4413,41;4463,06;;;;
;4371,83;4420,03;4413,41;4463,06;;;;
;4371,83;4420,03;4413,41;4463,06;;;;
;4371,83;4420,03;4413,41;4463,06;;;;
;4371,83;4420,03;4413,41;4463,06;;;;
;4371,83;4420,03;4413,41;4463,06;;;;
;4371,84;4420,04;4413,41;4463,06;;;;
;4371,84;4420,04;4413,41;4463,06;;;;
;4371,84;4420,04;4413,41;4463,06;;;;
;4371,84;4420,04;4413,41;4463,06;;;;
;4371,84;4420,04;4413,41;4463,06;;;;
;4371,84;4420,04;4413,41;4463,06;;;;
;4371,84;4420,04;4413,41;4463,06;;;;
;4371,84;4420,04;4413,41;4463,06;;;;
;4371,84;4420,04;4413,41;4463,06;;;;
;4371,84;4420,04;4413,41;4463,06;;;;
;4371,84;4420,04;4413,41;4463,06;;;;
;4371,84;4420,04;4413,41;4463,06;;;;
;4371,84;4420,04;4413,41;4463,06;;;;
;4371,84;4420,04;4413,41;4463,06;;;;
;4371,84;4420,04;4413,41;4463,06;;;;
;4371,84;4420,04;4413,41;4463,06;;;;
;4371,84;4420,04;4413,41;4463,06;;;;
;4371,84;4420,04;4413,41;4463,06;;;;
;4371,84;4420,04;4413,41;4463,06;;;;
;4371,84;4420,04;4413,41;4463,06;;;;
;4371,84;4420,04;4413,41;4463,06;;;;
;4371,84;4420,04;4413,41;4463,06;;;;
;4371,84;4420,04;4413,41;4463,06;;;;
;4371,84;4420,04;4413,41;4463,06;;;;
;4371,84;4420,04;4413,41;4463,06;;;;
;4371,84;4420,04;4413,41;4463,06;;;;
;4371,84;4420,04;4413,41;4463,06;;;;
;4371,84;4420,04;4413,41;4463,06;;;;
;4371,84;4420,04;4413,41;4463,06;;;;
;4371,84;4420,04;4413,41;4463,06;;;;
;4371,84;4420,04;4413,41;4463,06;;;;
;4371,84;4420,04;4413,41;4463,06;;;;
;4371,84;4420,04;4413,41;4463,06;;;;
;4371,85;4420,05;4413,41;4463,06;;;;
;4371,85;4420,05;4413,41;4463,06;;;;
;4371,86;4420,06;4413,41;4463,06;;;;
;4371,86;4420,06;4413,41;4463,06;;;;
;4371,86;4420,06;4413,41;4463,06;;;;
;4371,86;4420,06;4413,41;4463,06;;;;
;4371,86;4420,06;4413,41;4463,06;;;;
;4371,86;4420,06;4413,41;4463,06;;;;
;4371,86;4420,06;4413,41;4463,06;;;;
;4371,86;4420,06;4413,41;4463,06;;;;
;4371,86;4420,06;4413,41;4463,06;;;;
;4371,86;4420,06;4413,41;4463,06;;;;
;4371,86;4420,06;4413,41;4463,06;;;;
;4371,86;4420,06;4413,41;4463,06;;;;
;4371,86;4420,06;4413,41;4463,06;;;;
;4371,86;4420,06;4413,41;4463,06;;;;
;4371,87;4420,07;4413,41;4463,06;;;;
;4371,87;4420,07;4413,41;4463,06;;;;
;4371,87;4420,07;4413,41;4463,06;;;;
;4371,87;4420,07;4413,41;4463,06;;;;
;4371,87;4420,07;4413,41;4463,06;;;;
;4371,87;4420,07;4413,41;4463,06;;;;
;4371,87;4420,07;4413,41;4463,06;;;;
;4371,87;4420,07;4413,41;4463,06;;;;
;4371,87;4420,07;4413,41;4463,06;;;;
;4371,87;4420,07;4413,41;4463,06;;;;
;4371,87;4420,07;4413,41;4463,06;;;;
;4371,87;4420,07;4413,41;4463,06;;;;
;4371,87;4420,07;4413,41;4463,06;;;;
;4371,87;4420,07;4413,41;4463,06;;;;
;4371,87;4420,07;4413,41;4463,06;;;;
;4371,87;4420,07;4413,41;4463,06;;;;
;4371,87;4420,07;4413,41;4463,06;;;;
;4371,87;4420,07;4413,41;4463,06;;;;
;4371,87;4420,07;4413,41;4463,06;;;;
;4371,87;4420,07;4413,41;4463,06;;;;
;4371,87;4420,07;4413,41;4463,06;;;;
;4371,87;4420,07;4413,41;4463,06;;;;
;4371,87;4420,07;4413,41;4463,06;;;;
;4371,87;4420,07;4413,41;4463,06;;;;
;4371,87;4420,07;4413,41;4463,06;;;;
;4371,87;4420,07;4413,41;4463,06;;;;
;4371,87;4420,07;4413,41;4463,06;;;;
;4371,87;4420,07;4413,41;4463,06;;;;
;4371,87;4420,07;4413,41;4463,06;;;;
;4371,87;4420,07;4413,41;4463,06;;;;
;4371,87;4420,07;4413,41;4463,06;;;;
;4371,87;4420,07;4413,41;4463,06;;;;
;4371,87;4420,07;4413,41;4463,06;;;;
;4371,87;4420,07;4413,41;4463,06;;;;
;4371,88;4420,08;4413,41;4463,06;;;;
;4371,88;4420,08;4413,41;4463,06;;;;
;4371,88;4420,08;4413,41;4463,06;;;;
;4371,88;4420,08;4413,41;4463,06;;;;
;4371,88;4420,08;4413,41;4463,06;;;;
;4371,88;4420,08;4413,41;4463,06;;;;
;4371,88;4420,08;4413,41;4463,06;;;;
;4371,88;4420,08;4413,41;4463,06;;;;
;4371,88;4420,08;4413,41;4463,06;;;;
;4371,88;4420,08;4413,41;4463,06;;;;
;4371,88;4420,08;4413,41;4463,06;;;;
;4371,88;4420,08;4413,41;4463,06;;;;
;4371,88;4420,08;4413,41;4463,06;;;;
;4371,88;4420,08;4413,41;4463,06;;;;
;4371,88;4420,08;4413,41;4463,06;;;;
;4371,88;4420,08;4413,41;4463,06;;;;
;4371,88;4420,08;4413,41;4463,06;;;;
;4371,88;4420,08;4413,41;4463,06;;;;
;4371,88;4420,08;4413,41;4463,06;;;;
;4371,88;4420,08;4413,41;4463,06;;;;
;4371,88;4420,08;4413,41;4463,06;;;;
;4371,88;4420,08;4413,41;4463,06;;;;
;4371,88;4420,08;4413,41;4463,06;;;;
;4371,88;4420,08;4413,41;4463,06;;;;
;4371,88;4420,08;4413,41;4463,06;;;;
;4371,88;4420,08;4413,41;4463,06;;;;
;4371,88;4420,08;4413,41;4463,06;;;;
;4371,88;4420,08;4413,41;4463,06;;;;
;4371,88;4420,08;4413,41;4463,06;;;;
;4371,88;4420,08;4413,41;4463,06;;;;
;4371,88;4420,08;4413,41;4463,06;;;;
;4371,88;4420,08;4413,41;4463,06;;;;
;4371,88;4420,08;4413,41;4463,06;;;;
;4371,88;4420,08;4413,41;4463,06;;;;
;4371,88;4420,08;4413,41;4463,06;;;;
;4371,88;4420,08;4413,41;4463,06;;;;
;4371,88;4420,08;4413,41;4463,06;;;;
;4371,88;4420,08;4413,41;4463,06;;;;
;4371,88;4420,08;4413,41;4463,06;;;;
;4371,88;4420,08;4413,41;4463,06;;;;
;4371,88;4420,08;4413,41;4463,06;;;;
;4371,88;4420,08;4413,41;4463,06;;;;
;4371,88;4420,08;4413,41;4463,06;;;;
;4371,88;4420,08;4413,41;4463,06;;;;
;4371,88;4420,08;4413,41;4463,06;;;;
;4371,88;4420,08;4413,41;4463,06;;;;
;4371,88;4420,08;4413,41;4463,06;;;;
;4371,88;4420,08;4413,41;4463,06;;;;
;4371,88;4420,08;4413,41;4463,06;;;;
;4371,88;4420,08;4413,41;4463,06;;;;
;4371,88;4420,08;4413,41;4463,06;;;;
;4371,88;4420,08;4413,41;4463,06;;;;
;4371,88;4420,08;4413,41;4463,06;;;;
;4371,88;4420,08;4413,41;4463,06;;;;
;4371,88;4420,08;4413,41;4463,06;;;;
;4371,88;4420,08;4413,41;4463,06;;;;
;4371,88;4420,08;4413,41;4463,06;;;;
;4371,88;4420,08;4413,41;4463,06;;;;
;4371,88;4420,08;4413,41;4463,06;;;;
;4371,88;4420,08;4413,41;4463,06;;;;
;4371,88;4420,08;4413,41;4463,06;;;;
;4371,88;4420,08;4413,41;4463,06;;;;
;4371,88;4420,08;4413,41;4463,06;;;;
;4371,88;4420,08;4413,41;4463,06;;;;
;4371,88;4420,08;4413,41;4463,06;;;;
;4371,88;4420,08;4413,41;4463,06;;;;
;4371,88;4420,08;4413,41;4463,06;;;;
;4371,88;4420,08;4413,41;4463,06;;;;
;4371,88;4420,08;4413,41;4463,06;;;;
;4371,88;4420,08;4413,41;4463,06;;;;
;4371,88;4420,08;4413,41;4463,06;;;;
;4371,88;4420,08;4413,41;4463,06;;;;
;4371,88;4420,08;4413,41;4463,06;;;;
;4371,88;4420,08;4413,41;4463,06;;;;
;4371,88;4420,08;4413,41;4463,06;;;;
;4371,88;4420,08;4413,41;4463,06;;;;
;4371,88;4420,08;4413,41;4463,06;;;;
;4371,88;4420,08;4413,41;4463,06;;;;
;4371,88;4420,08;4413,41;4463,06;;;;
;4371,88;4420,08;4413,41;4463,06;;;;
;4371,88;4420,08;4413,41;4463,06;;;;
;4371,88;4420,08;4413,41;4463,06;;;;
;4371,88;4420,08;4413,41;4463,06;;;;
;4371,88;4420,08;4413,41;4463,06;;;;
;4371,88;4420,08;4413,41;4463,06;;;;
;4371,88;4420,08;4413,41;4463,06;;;;
;4371,88;4420,08;4413,41;4463,06;;;;
;4371,88;4420,08;4413,41;4463,06;;;;
;4371,88;4420,08;4413,41;4463,06;;;;
;4371,88;4420,08;4413,41;4463,06;;;;
;4371,88;4420,08;4413,41;4463,06;;;;
6,5;4371,88;4420,08;4413,41;4463,06;;;;
;4371,88;4420,08;4413,41;4463,06;;;;
;4371,88;4420,08;4413,41;4463,06;;;;
;4371,88;4420,08;4413,41;4463,06;;;;
;4371,88;4420,08;4413,41;4463,06;;;;
;4371,88;4420,08;4413,41;4463,06;;;;
;4371,88;4420,08;4413,41;4463,06;;;;
;4371,88;4420,08;4413,41;4463,06;;;;
;4371,88;4420,08;4413,41;4463,06;;;;
;4371,88;4420,08;4413,41;4463,06;;;;
;4371,88;4420,08;4413,41;4463,06;;;;
;4371,88;4420,08;4413,41;4463,06;;;;
;4371,88;4420,08;4413,41;4463,06;;;;
;4371,88;4420,08;4413,41;4463,06;;;;
;4371,88;4420,08;4413,41;4463,06;;;;
;4371,88;4420,08;4413,41;4463,06;;;;
;4371,88;4420,08;4413,41;4463,06;;;;
;4371,88;4420,08;4413,41;4463,06;;;;
;4371,88;4420,08;4413,41;4463,06;;;;
;4371,88;4420,08;4413,41;4463,06;;;;
;4371,88;4420,08;4413,41;4463,06;;;;
;4371,88;4420,08;4413,41;4463,06;;;;
;4371,88;4420,08;4413,41;4463,06;;;;
;4371,88;4420,08;4413,41;4463,06;;;;
;4371,88;4420,08;4413,41;4463,06;;;;
;4371,88;4420,08;4413,41;4463,06;;;;
;4371,88;4420,08;4413,41;4463,06;;;;
;4371,88;4420,08;4413,41;4463,06;;;;
;4371,88;4420,08;4413,41;4463,06;;;;
;4371,89;4420,09;4413,41;4463,06;;;;
;4371,89;4420,09;4413,41;4463,06;;;;
;4371,89;4420,09;4413,41;4463,06;;;;
;4371,89;4420,09;4413,41;4463,06;;;;
;4371,89;4420,09;4413,41;4463,06;;;;
;4371,89;4420,09;4413,41;4463,06;;;;
;4371,89;4420,09;4413,41;4463,06;;;;
;4371,89;4420,09;4413,41;4463,06;;;;
;4371,89;4420,09;4413,41;4463,06;;;;
;4371,89;4420,09;4413,41;4463,06;;;;
;4371,89;4420,09;4413,41;4463,06;;;;
;4371,89;4420,09;4413,41;4463,06;;;;
;4371,89;4420,09;4413,41;4463,06;;;;
;4371,89;4420,09;4413,41;4463,06;;;;
;4371,89;4420,09;4413,41;4463,06;;;;
;4371,89;4420,09;4413,41;4463,06;;;;
;4371,89;4420,09;4413,41;4463,06;;;;
;4371,89;4420,09;4413,41;4463,06;;;;
;4371,89;4420,09;4413,41;4463,06;;;;
;4371,89;4420,09;4413,41;4463,06;;;;
;4371,89;4420,09;4413,41;4463,06;;;;
;4371,89;4420,09;4413,41;4463,06;;;;
;4371,89;4420,09;4413,41;4463,06;;;;
;4371,89;4420,09;4413,41;4463,06;;;;
;4371,89;4420,09;4413,41;4463,06;;;;
;4371,89;4420,09;4413,41;4463,06;;;;
;4371,89;4420,09;4413,41;4463,06;;;;
;4371,89;4420,09;4413,41;4463,06;;;;
;4371,89;4420,09;4413,41;4463,06;;;;
;4371,89;4420,09;4413,41;4463,06;;;;
;4371,89;4420,09;4413,41;4463,06;;;;
;4371,89;4420,09;4413,41;4463,06;;;;
;4371,89;4420,09;4413,41;4463,06;;;;
;4371,89;4420,09;4413,41;4463,06;;;;
;4371,89;4420,09;4413,41;4463,06;;;;
;4371,89;4420,09;4413,41;4463,06;;;;
;4371,89;4420,09;4413,41;4463,06;;;;
;4371,89;4420,09;4413,41;4463,06;;;;
;4371,89;4420,09;4413,41;4463,06;;;;
;4371,89;4420,09;4413,41;4463,06;;;;
;4371,89;4420,09;4413,41;4463,06;;;;
;4371,89;4420,09;4413,41;4463,06;;;;
;4371,89;4420,09;4413,41;4463,06;;;;
;4371,89;4420,09;4413,41;4463,06;;;;
;4371,89;4420,09;4413,41;4463,06;;;;
;4371,89;4420,09;4413,41;4463,06;;;;
;4371,89;4420,09;4413,41;4463,06;;;;
;4371,89;4420,09;4413,41;4463,06;;;;
;4371,89;4420,09;4413,41;4463,06;;;;
;4371,89;4420,09;4413,41;4463,06;;;;
;4371,89;4420,09;4413,41;4463,06;;;;
;4371,89;4420,09;4413,41;4463,06;;;;
;4371,89;4420,09;4413,41;4463,06;;;;
;4371,89;4420,09;4413,41;4463,06;;;;
;4371,89;4420,09;4413,41;4463,06;;;;
;4371,89;4420,09;4413,41;4463,06;;;;
;4371,89;4420,09;4413,41;4463,06;;;;
;4371,89;4420,09;4413,41;4463,06;;;;
;4371,89;4420,09;4413,41;4463,06;;;;
;4371,89;4420,09;4413,41;4463,06;;;;
;4371,89;4420,09;4413,41;4463,06;;;;
;4371,89;4420,09;4413,41;4463,06;;;;
;4371,89;4420,09;4413,41;4463,06;;;;
;4371,89;4420,09;4413,41;4463,06;;;;
;4371,89;4420,09;4413,41;4463,06;;;;
;4371,89;4420,09;4413,41;4463,06;;;;
;4371,89;4420,09;4413,41;4463,06;;;;
;4371,89;4420,09;4413,41;4463,06;;;;
;4371,89;4420,09;4413,41;4463,06;;;;
;4371,89;4420,09;4413,41;4463,06;;;;
;4371,89;4420,09;4413,41;4463,06;;;;
;4371,89;4420,09;4413,41;4463,06;;;;
;4371,89;4420,09;4413,41;4463,06;;;;
;4371,89;4420,09;4413,41;4463,06;;;;
;4371,89;4420,09;4413,41;4463,06;;;;
;4371,89;4420,09;4413,41;4463,06;;;;
;4371,89;4420,09;4413,41;4463,06;;;;
;4371,89;4420,09;4413,41;4463,06;;;;
;4371,89;4420,09;4413,41;4463,06;;;;
;4371,89;4420,09;4413,41;4463,06;;;;
;4371,89;4420,09;4413,41;4463,06;;;;
;4371,89;4420,09;4413,41;4463,06;;;;
;4371,89;4420,09;4413,41;4463,06;;;;
;4371,89;4420,09;4413,41;4463,06;;;;
;4371,89;4420,09;4413,41;4463,06;;;;
;4371,89;4420,09;4413,41;4463,06;;;;
;4371,89;4420,09;4413,41;4463,06;;;;
;4371,89;4420,09;4413,41;4463,06;;;;
;4371,89;4420,09;4413,41;4463,06;;;;
;4371,89;4420,09;4413,41;4463,06;;;;
;4371,89;4420,09;4413,41;4463,06;;;;
;4371,89;4420,09;4413,41;4463,06;;;;
;4371,89;4420,09;4413,41;4463,06;;;;
;4371,89;4420,09;4413,41;4463,06;;;;
;4371,89;4420,09;4413,41;4463,06;;;;
;4371,89;4420,09;4413,41;4463,06;;;;
;4371,89;4420,09;4413,41;4463,06;;;;
;4371,9;4420,1;4413,41;4463,06;;;;
;4371,9;4420,1;4413,41;4463,06;;;;
;4371,9;4420,1;4413,41;4463,06;;;;
;4371,9;4420,1;4413,41;4463,06;;;;
;4371,9;4420,1;4413,41;4463,06;;;;
;4371,9;4420,1;4413,41;4463,06;;;;
;4371,9;4420,1;4413,41;4463,06;;;;
;4371,9;4420,1;4413,41;4463,06;;;;
;4371,9;4420,1;4413,41;4463,06;;;;
;4371,9;4420,1;4413,41;4463,06;;;;
;4371,9;4420,1;4413,41;4463,06;;;;
;4371,9;4420,1;4413,41;4463,06;;;;
;4371,9;4420,1;4413,41;4463,06;;;;
;4371,9;4420,1;4413,41;4463,06;;;;
;4371,9;4420,1;4413,41;4463,06;;;;
;4371,9;4420,1;4413,41;4463,06;;;;
;4371,91;4420,09;4413,41;4463,06;;;;
;4371,91;4420,09;4413,41;4463,06;;;;
;4371,91;4420,09;4413,41;4463,06;;;;
;4371,91;4420,09;4413,41;4463,06;;;;
;4371,91;4420,09;4413,41;4463,06;;;;
;4371,91;4420,09;4413,41;4463,06;;;;
;4371,91;4420,09;4413,41;4463,06;;;;
;4371,91;4420,09;4413,41;4463,06;;;;
;4371,91;4420,09;4413,41;4463,06;;;;
;4371,91;4420,09;4413,41;4463,06;;;;
;4371,91;4420,09;4413,41;4463,06;;;;
;4371,91;4420,09;4413,41;4463,06;;;;
;4371,91;4420,09;4413,41;4463,06;;;;
;4371,91;4420,09;4413,41;4463,06;;;;
;4371,91;4420,09;4413,41;4463,06;;;;
;4371,91;4420,09;4413,41;4463,06;;;;
;4371,91;4420,09;4413,41;4463,06;;;;
;4371,91;4420,09;4413,41;4463,06;;;;
;4371,91;4420,09;4413,41;4463,06;;;;
;4371,91;4420,09;4413,41;4463,06;;;;
;4371,91;4420,09;4413,41;4463,06;;;;
;4371,91;4420,09;4413,41;4463,06;;;;
;4371,91;4420,09;4413,41;4463,06;;;;
;4371,91;4420,09;4413,41;4463,06;;;;
;4371,91;4420,09;4413,41;4463,06;;;;
;4371,91;4420,09;4413,41;4463,06;;;;
;4371,91;4420,09;4413,41;4463,06;;;;
;4371,91;4420,09;4413,41;4463,06;;;;
;4371,91;4420,09;4413,41;4463,06;;;;
;4371,91;4420,09;4413,41;4463,06;;;;
;4371,91;4420,09;4413,41;4463,06;;;;
;4371,91;4420,09;4413,41;4463,06;;;;
;4371,91;4420,09;4413,41;4463,06;;;;
;4371,91;4420,09;4413,41;4463,06;;;;
;4371,91;4420,09;4413,41;4463,06;;;;
;4371,91;4420,09;4413,41;4463,06;;;;
;4371,91;4420,09;4413,41;4463,06;;;;
;4371,91;4420,09;4413,41;4463,06;;;;
